image,ALB,BET,DOL,LAG,NoF,OTHER,SHARK,YFT
img_00005.jpg,0.05,0.05,0.05,0.05,0.938431,0.05,0.05,0.05
img_00007.jpg,0.931301,0.05,0.05,0.05,0.05,0.05,0.05,0.05
img_00009.jpg,0.497352,0.0917107,0.05,0.05,0.05,0.261333,0.05,0.05
img_00018.jpg,0.836927,0.05,0.05,0.0536732,0.05,0.05,0.05,0.05
img_00027.jpg,0.301666,0.05,0.05,0.05,0.15132,0.392008,0.05,0.0816148
img_00030.jpg,0.552036,0.05,0.05,0.05,0.245622,0.05,0.100589,0.05
img_00040.jpg,0.05,0.0743335,0.05,0.05,0.117719,0.136976,0.113148,0.457125
img_00046.jpg,0.88837,0.05,0.05,0.05,0.05,0.05,0.05,0.05
img_00053.jpg,0.95,0.05,0.05,0.05,0.05,0.05,0.05,0.05
img_00071.jpg,0.05,0.13933,0.132743,0.491893,0.05,0.05,0.0523581,0.152633
img_00075.jpg,0.925729,0.05,0.05,0.05,0.05,0.05,0.05,0.05
img_00102.jpg,0.05,0.05,0.05,0.05,0.0771738,0.05,0.05,0.835977
img_00103.jpg,0.669933,0.05,0.109502,0.05,0.05,0.0922672,0.05,0.05
img_00109.jpg,0.54808,0.05,0.05,0.0560028,0.05,0.05,0.135773,0.210437
img_00119.jpg,0.05,0.05,0.05,0.05,0.05,0.05,0.05,0.95
img_00120.jpg,0.172038,0.05,0.05,0.05,0.05,0.05,0.05,0.715315
img_00125.jpg,0.762872,0.05,0.05,0.153305,0.05,0.05,0.05,0.05
img_00128.jpg,0.05,0.05,0.05,0.05,0.05,0.05,0.05,0.937268
img_00129.jpg,0.0581542,0.0631194,0.05,0.05,0.131929,0.152177,0.115517,0.423358
img_00133.jpg,0.05,0.05,0.05,0.05,0.763439,0.123414,0.05,0.05
img_00138.jpg,0.718255,0.160298,0.05,0.05,0.05,0.05,0.05,0.05
img_00141.jpg,0.05,0.05,0.05,0.0799345,0.05,0.05,0.05,0.79489
img_00152.jpg,0.05,0.05,0.05,0.05,0.05,0.05,0.05,0.893889
img_00161.jpg,0.05,0.05,0.05,0.05,0.05,0.05,0.05,0.95
img_00164.jpg,0.05,0.05,0.05,0.05,0.95,0.05,0.05,0.05
img_00170.jpg,0.95,0.05,0.05,0.05,0.05,0.05,0.05,0.05
img_00171.jpg,0.05,0.0639688,0.05,0.0952097,0.0729429,0.690604,0.05,0.05
img_00172.jpg,0.05,0.05,0.05,0.05,0.95,0.05,0.05,0.05
img_00175.jpg,0.0567902,0.0648845,0.05,0.100731,0.057392,0.673186,0.05,0.05
img_00180.jpg,0.281057,0.05,0.05,0.0969771,0.424988,0.05,0.05,0.139964
img_00196.jpg,0.05,0.05,0.05,0.05,0.05,0.05,0.05,0.95
img_00212.jpg,0.582198,0.05,0.075411,0.05,0.05,0.0507695,0.05,0.172314
img_00223.jpg,0.95,0.05,0.05,0.05,0.05,0.05,0.05,0.05
img_00230.jpg,0.860855,0.05,0.05,0.05,0.05,0.0726195,0.05,0.05
img_00232.jpg,0.05,0.0526651,0.05,0.05,0.05,0.05,0.941945,0.05
img_00244.jpg,0.653395,0.184469,0.05,0.05,0.0524287,0.05,0.05,0.05
img_00272.jpg,0.921005,0.05,0.063555,0.05,0.05,0.05,0.05,0.05
img_00280.jpg,0.654059,0.05,0.05,0.05,0.252669,0.05,0.05,0.05
img_00282.jpg,0.05,0.0719742,0.05,0.0788766,0.0814359,0.681363,0.05,0.05
img_00285.jpg,0.543908,0.05,0.05,0.05,0.215128,0.05,0.05,0.175972
img_00289.jpg,0.807606,0.05,0.065308,0.05,0.0765328,0.05,0.05,0.05
img_00292.jpg,0.0580342,0.05,0.05,0.05,0.0704764,0.05,0.05,0.745526
img_00302.jpg,0.05,0.0839148,0.05,0.05,0.119773,0.131556,0.115347,0.450138
img_00311.jpg,0.95,0.05,0.05,0.05,0.05,0.05,0.05,0.05
img_00320.jpg,0.95,0.05,0.05,0.05,0.05,0.05,0.05,0.05
img_00331.jpg,0.260442,0.05,0.0610628,0.05,0.497189,0.0902851,0.05,0.05
img_00358.jpg,0.15952,0.0655884,0.05,0.05,0.244739,0.231449,0.05,0.24659
img_00374.jpg,0.522615,0.151517,0.05,0.05,0.155403,0.05,0.0826633,0.05
img_00375.jpg,0.259967,0.118086,0.457478,0.05,0.05,0.122614,0.05,0.05
img_00376.jpg,0.329194,0.05,0.05,0.05,0.248836,0.0784646,0.05,0.208376
img_00380.jpg,0.804121,0.05,0.0871777,0.05,0.05,0.0872865,0.05,0.05
img_00383.jpg,0.95,0.05,0.05,0.05,0.05,0.05,0.05,0.05
img_00398.jpg,0.142602,0.05,0.05,0.05,0.605244,0.05,0.05,0.0778465
img_00407.jpg,0.95,0.05,0.05,0.05,0.05,0.05,0.05,0.05
img_00417.jpg,0.604764,0.05,0.0738985,0.05,0.05,0.05,0.05,0.166306
img_00432.jpg,0.05,0.05,0.367405,0.0766279,0.190618,0.157103,0.122646,0.05
img_00442.jpg,0.05,0.05,0.205313,0.05,0.05,0.05,0.0796934,0.637251
img_00446.jpg,0.840485,0.05,0.05,0.05,0.05,0.05,0.05,0.05
img_00469.jpg,0.900622,0.05,0.05,0.05,0.05,0.05,0.05,0.05
img_00473.jpg,0.95,0.05,0.05,0.05,0.05,0.05,0.05,0.05
img_00483.jpg,0.95,0.05,0.05,0.05,0.05,0.05,0.05,0.05
img_00484.jpg,0.531058,0.211697,0.05,0.113305,0.076396,0.05,0.05,0.05
img_00486.jpg,0.95,0.05,0.05,0.05,0.05,0.05,0.05,0.05
img_00487.jpg,0.05,0.05,0.05,0.05,0.95,0.05,0.05,0.05
img_00493.jpg,0.05,0.05,0.05,0.05,0.95,0.05,0.05,0.05
img_00518.jpg,0.73452,0.05,0.05,0.05,0.215032,0.05,0.05,0.05
img_00533.jpg,0.05,0.05,0.05,0.05,0.0645309,0.05,0.05,0.795905
img_00538.jpg,0.95,0.05,0.05,0.05,0.05,0.05,0.05,0.05
img_00543.jpg,0.95,0.05,0.05,0.05,0.05,0.05,0.05,0.05
img_00550.jpg,0.05,0.05,0.463027,0.05,0.292403,0.128851,0.05,0.05
img_00551.jpg,0.816434,0.05,0.05,0.05,0.05,0.106311,0.05,0.05
img_00564.jpg,0.05,0.05,0.05,0.05,0.95,0.05,0.05,0.05
img_00575.jpg,0.48951,0.05,0.05,0.05,0.277951,0.0771186,0.05,0.101372
img_00582.jpg,0.918458,0.05,0.05,0.05,0.05,0.05,0.05,0.05
img_00584.jpg,0.778657,0.05,0.05,0.05,0.142331,0.05,0.05,0.05
img_00587.jpg,0.330726,0.05,0.05,0.05,0.162785,0.290302,0.05,0.161256
img_00590.jpg,0.0964213,0.05,0.05,0.05,0.0984933,0.05,0.05,0.723361
img_00591.jpg,0.367394,0.05,0.05,0.05,0.0527015,0.05,0.05,0.493516
img_00598.jpg,0.918659,0.05,0.05,0.05,0.05,0.05,0.05,0.05
img_00599.jpg,0.428828,0.05,0.05,0.05,0.159565,0.146842,0.05,0.219245
img_00612.jpg,0.05,0.05,0.05,0.05,0.05,0.691301,0.071018,0.10566
img_00618.jpg,0.95,0.05,0.05,0.05,0.05,0.05,0.05,0.05
img_00620.jpg,0.95,0.05,0.05,0.05,0.05,0.05,0.05,0.05
img_00642.jpg,0.412674,0.162741,0.10296,0.05,0.05,0.197506,0.05,0.05
img_00646.jpg,0.05,0.05,0.05,0.05,0.05,0.118639,0.05,0.793573
img_00648.jpg,0.95,0.05,0.05,0.05,0.05,0.05,0.05,0.05
img_00650.jpg,0.05,0.05,0.05,0.05,0.0832516,0.446046,0.0853879,0.26905
img_00654.jpg,0.541667,0.101646,0.05,0.05,0.270691,0.05,0.05,0.05
img_00664.jpg,0.95,0.05,0.05,0.05,0.05,0.05,0.05,0.05
img_00667.jpg,0.05,0.05,0.05,0.05,0.05,0.05,0.05,0.95
img_00676.jpg,0.05,0.05,0.05,0.05,0.05,0.05,0.05,0.95
img_00697.jpg,0.05,0.0534991,0.05,0.102091,0.05,0.05,0.05,0.791528
img_00708.jpg,0.05,0.05,0.05,0.05,0.0856519,0.354976,0.05,0.476403
img_00716.jpg,0.05,0.0543795,0.05,0.05,0.1947,0.126263,0.05,0.503499
img_00717.jpg,0.485426,0.390293,0.05,0.05,0.05,0.05,0.05,0.05
img_00718.jpg,0.862433,0.05,0.05,0.05,0.05,0.0652418,0.05,0.05
img_00723.jpg,0.116804,0.05,0.05,0.05,0.837063,0.05,0.05,0.05
img_00724.jpg,0.270358,0.05,0.05,0.05,0.535727,0.05,0.0910588,0.05
img_00726.jpg,0.95,0.05,0.05,0.05,0.05,0.05,0.05,0.05
img_00729.jpg,0.295747,0.05,0.05,0.05,0.653119,0.05,0.05,0.05
img_00730.jpg,0.324259,0.05,0.05,0.05,0.0866359,0.05,0.05,0.531833
img_00757.jpg,0.94127,0.05,0.05,0.05,0.05,0.05,0.05,0.05
img_00760.jpg,0.848459,0.05,0.05,0.05,0.0798959,0.05,0.05,0.05
img_00763.jpg,0.05,0.05,0.05,0.05,0.95,0.05,0.05,0.05
img_00764.jpg,0.05,0.05,0.05,0.05,0.137651,0.05,0.05,0.785303
img_00765.jpg,0.05,0.05,0.05,0.05,0.05,0.853769,0.05,0.0930369
img_00772.jpg,0.05,0.05,0.05,0.05,0.05,0.05,0.05,0.95
img_00773.jpg,0.539913,0.05,0.324589,0.05,0.05,0.0997445,0.05,0.05
img_00777.jpg,0.840369,0.0930536,0.05,0.05,0.05,0.05,0.05,0.05
img_00780.jpg,0.05,0.05,0.0663614,0.05,0.05,0.142244,0.05,0.717729
img_00798.jpg,0.945258,0.05,0.05,0.05,0.05,0.05,0.05,0.05
img_00808.jpg,0.913668,0.05,0.05,0.05,0.05,0.05,0.05,0.05
img_00816.jpg,0.921272,0.05,0.05,0.05,0.05,0.05,0.05,0.05
img_00828.jpg,0.05,0.05,0.05,0.05,0.63004,0.05,0.05,0.313558
img_00833.jpg,0.05,0.05,0.05,0.05,0.05,0.188443,0.05,0.693874
img_00837.jpg,0.95,0.05,0.05,0.05,0.05,0.05,0.05,0.05
img_00855.jpg,0.445942,0.05,0.05,0.05,0.392465,0.05,0.05,0.0576433
img_00857.jpg,0.95,0.05,0.05,0.05,0.05,0.05,0.05,0.05
img_00858.jpg,0.95,0.05,0.05,0.05,0.05,0.05,0.05,0.05
img_00865.jpg,0.668114,0.117934,0.05,0.05,0.05,0.05,0.152045,0.05
img_00876.jpg,0.05,0.05,0.05,0.05,0.05,0.05,0.05,0.95
img_00889.jpg,0.05,0.05,0.376381,0.05,0.05,0.0665593,0.05,0.505758
img_00894.jpg,0.918165,0.05,0.05,0.05,0.0737393,0.05,0.05,0.05
img_00902.jpg,0.05,0.0525946,0.05,0.05,0.05,0.05,0.941334,0.05
img_00914.jpg,0.711322,0.05,0.05,0.05,0.05,0.05,0.05,0.272477
img_00921.jpg,0.314283,0.05,0.05,0.05,0.204994,0.100771,0.05,0.288714
img_00927.jpg,0.0989007,0.05,0.05,0.05,0.147273,0.05,0.05,0.634607
img_00943.jpg,0.95,0.05,0.05,0.05,0.05,0.05,0.05,0.05
img_00948.jpg,0.141952,0.05,0.076326,0.05,0.495618,0.05,0.150475,0.0558675
img_00950.jpg,0.05,0.05,0.05,0.05,0.355816,0.422656,0.05,0.0810492
img_00959.jpg,0.93299,0.05,0.05,0.05,0.0593196,0.05,0.05,0.05
img_00962.jpg,0.05,0.05,0.05,0.05,0.05,0.05,0.05,0.95
img_00964.jpg,0.05,0.0687793,0.05,0.05,0.05,0.05,0.05,0.925165
img_00966.jpg,0.63247,0.0566981,0.05,0.05,0.05,0.05,0.05,0.283599
img_00974.jpg,0.785523,0.0931253,0.05,0.05,0.05,0.054615,0.05,0.05
img_00979.jpg,0.05,0.249346,0.231055,0.05,0.05,0.380116,0.05,0.05
img_00982.jpg,0.05,0.05,0.05,0.05,0.95,0.05,0.05,0.05
img_00985.jpg,0.0573516,0.05,0.05,0.05,0.0574883,0.05,0.05,0.754064
img_00999.jpg,0.657162,0.05,0.05,0.05,0.121942,0.0515634,0.05,0.114221
img_01022.jpg,0.812067,0.05,0.05,0.05,0.128983,0.05,0.05,0.05
img_01031.jpg,0.437409,0.0509021,0.05,0.05,0.05,0.437968,0.05,0.05
img_01035.jpg,0.846886,0.0823088,0.05,0.05,0.05,0.05,0.05,0.05
img_01043.jpg,0.05,0.05,0.05,0.05,0.93074,0.05,0.05,0.05
img_01058.jpg,0.82536,0.05,0.05,0.05,0.05,0.0627224,0.05,0.05
img_01059.jpg,0.220937,0.05,0.05,0.05,0.0573244,0.0933007,0.0610619,0.518837
img_01090.jpg,0.28573,0.114099,0.05,0.05,0.489309,0.05,0.05,0.05
img_01102.jpg,0.05,0.20288,0.05,0.05,0.267768,0.05,0.0719374,0.40622
img_01103.jpg,0.05,0.341474,0.0578241,0.0863751,0.0918425,0.05,0.05,0.361421
img_01116.jpg,0.95,0.05,0.05,0.05,0.05,0.05,0.05,0.05
img_01134.jpg,0.830207,0.05,0.05,0.05,0.05,0.0962097,0.05,0.05
img_01142.jpg,0.95,0.05,0.05,0.05,0.05,0.05,0.05,0.05
img_01168.jpg,0.05,0.05,0.05,0.05,0.0833112,0.711639,0.05,0.0705199
img_01171.jpg,0.05,0.05,0.05,0.05,0.95,0.05,0.05,0.05
img_01177.jpg,0.95,0.05,0.05,0.05,0.05,0.05,0.05,0.05
img_01179.jpg,0.556184,0.066415,0.05,0.0692357,0.187087,0.05,0.05,0.05
img_01188.jpg,0.05,0.05,0.05,0.05,0.05,0.727646,0.05,0.156494
img_01198.jpg,0.932685,0.05,0.05,0.05,0.05,0.05,0.05,0.05
img_01204.jpg,0.05,0.05,0.05,0.05,0.05,0.05,0.05,0.95
img_01208.jpg,0.05,0.05,0.0503682,0.05,0.215753,0.533513,0.05,0.117821
img_01211.jpg,0.901248,0.05,0.05,0.05,0.0582677,0.05,0.05,0.05
img_01213.jpg,0.22469,0.05,0.05,0.156905,0.05,0.317217,0.146355,0.0914823
img_01222.jpg,0.171538,0.05,0.0543872,0.113549,0.0834835,0.368067,0.0605235,0.101829
img_01224.jpg,0.05,0.322797,0.24652,0.05562,0.05,0.306619,0.05,0.05
img_01237.jpg,0.05,0.05,0.05,0.05,0.95,0.05,0.05,0.05
img_01249.jpg,0.05,0.05,0.05,0.05,0.95,0.05,0.05,0.05
img_01253.jpg,0.05,0.05,0.05,0.05,0.05,0.05,0.05,0.95
img_01286.jpg,0.539427,0.0689911,0.05,0.0911191,0.0562879,0.05,0.0998053,0.0742647
img_01289.jpg,0.296801,0.05,0.05,0.05,0.08516,0.209806,0.0778581,0.26189
img_01325.jpg,0.909239,0.0566392,0.05,0.05,0.05,0.05,0.05,0.05
img_01328.jpg,0.221629,0.05,0.05,0.330458,0.0798122,0.0935729,0.0666127,0.12747
img_01366.jpg,0.0647964,0.0752942,0.05,0.114922,0.0675579,0.624891,0.05,0.05
img_01371.jpg,0.95,0.05,0.05,0.05,0.05,0.05,0.05,0.05
img_01373.jpg,0.803605,0.05,0.05,0.05,0.17712,0.05,0.05,0.05
img_01377.jpg,0.234532,0.05,0.05,0.05,0.71581,0.05,0.05,0.05
img_01379.jpg,0.806749,0.05,0.05,0.05,0.05,0.05,0.05,0.05
img_01384.jpg,0.05,0.05,0.462962,0.05,0.27047,0.139287,0.056921,0.05
img_01388.jpg,0.247883,0.05,0.05,0.05,0.05,0.74086,0.05,0.05
img_01392.jpg,0.05,0.114162,0.05,0.05,0.05,0.05,0.05,0.861245
img_01399.jpg,0.05,0.809451,0.05,0.05,0.05,0.05,0.05,0.178218
img_01404.jpg,0.213773,0.129425,0.0501212,0.132345,0.05,0.178225,0.204853,0.0817459
img_01405.jpg,0.880083,0.05,0.05,0.05,0.05,0.05,0.05,0.05
img_01413.jpg,0.886503,0.05,0.05,0.05,0.0674521,0.05,0.05,0.05
img_01426.jpg,0.05,0.714941,0.05,0.05,0.05,0.05,0.05,0.166835
img_01431.jpg,0.852246,0.05,0.05,0.05,0.0571474,0.05,0.05,0.05
img_01441.jpg,0.05,0.05,0.05,0.05,0.05,0.05,0.05,0.95
img_01444.jpg,0.125298,0.05,0.05,0.05,0.250227,0.0988079,0.05,0.427803
img_01490.jpg,0.05,0.05,0.05,0.05,0.05,0.05,0.05,0.95
img_01495.jpg,0.95,0.05,0.05,0.05,0.05,0.05,0.05,0.05
img_01505.jpg,0.05,0.05,0.05,0.05,0.05,0.05,0.05,0.95
img_01511.jpg,0.95,0.05,0.05,0.05,0.05,0.05,0.05,0.05
img_01519.jpg,0.631222,0.05,0.05,0.05,0.133276,0.0732906,0.05,0.0753214
img_01530.jpg,0.845777,0.05,0.05,0.05,0.0796004,0.05,0.05,0.05
img_01537.jpg,0.20589,0.05,0.220867,0.109049,0.0713533,0.12931,0.05,0.181741
img_01538.jpg,0.906788,0.05,0.05,0.05,0.05,0.05,0.05,0.05
img_01541.jpg,0.05,0.05,0.05,0.05,0.21971,0.05,0.05,0.744292
img_01543.jpg,0.95,0.05,0.05,0.05,0.05,0.05,0.05,0.05
img_01548.jpg,0.95,0.05,0.05,0.05,0.05,0.05,0.05,0.05
img_01552.jpg,0.95,0.05,0.05,0.05,0.05,0.05,0.05,0.05
img_01561.jpg,0.05,0.05,0.05,0.05,0.95,0.05,0.05,0.05
img_01562.jpg,0.194051,0.05,0.05,0.05,0.05,0.05,0.05,0.71732
img_01571.jpg,0.95,0.05,0.05,0.05,0.05,0.05,0.05,0.05
img_01593.jpg,0.350106,0.05,0.05,0.05,0.0904371,0.0576155,0.05,0.417244
img_01595.jpg,0.05,0.05,0.05,0.05,0.95,0.05,0.05,0.05
img_01616.jpg,0.132283,0.05,0.05,0.05,0.282581,0.05,0.519474,0.05
img_01618.jpg,0.869233,0.05,0.05,0.05,0.05,0.05,0.05,0.05
img_01627.jpg,0.95,0.05,0.05,0.05,0.05,0.05,0.05,0.05
img_01632.jpg,0.95,0.05,0.05,0.05,0.05,0.05,0.05,0.05
img_01633.jpg,0.0780874,0.05,0.05,0.05,0.05,0.766774,0.0588452,0.05
img_01640.jpg,0.95,0.05,0.05,0.05,0.05,0.05,0.05,0.05
img_01646.jpg,0.918001,0.05,0.05,0.05,0.05,0.05,0.05,0.05
img_01647.jpg,0.05,0.05,0.05,0.05,0.921609,0.05,0.05,0.05
img_01649.jpg,0.671917,0.05,0.05,0.05,0.129468,0.05,0.0599534,0.05
img_01657.jpg,0.05,0.05,0.05,0.05,0.05,0.05,0.05,0.908393
img_01669.jpg,0.853518,0.05,0.05,0.05,0.0678914,0.05,0.05,0.05
img_01673.jpg,0.197937,0.426331,0.05,0.05,0.249685,0.05,0.0943028,0.05
img_01681.jpg,0.0568548,0.05,0.05,0.05,0.05,0.05,0.05,0.879149
img_01684.jpg,0.155523,0.05,0.0722327,0.121376,0.140022,0.184725,0.256347,0.0535861
img_01685.jpg,0.05,0.05,0.281693,0.05,0.548059,0.05,0.073232,0.05
img_01687.jpg,0.20507,0.05,0.05,0.05,0.13519,0.05,0.05,0.581315
img_01688.jpg,0.305851,0.05,0.05,0.05,0.0816025,0.171295,0.0836428,0.290747
img_01689.jpg,0.05,0.05,0.0763186,0.05,0.05,0.480746,0.05,0.345578
img_01716.jpg,0.05,0.05,0.05,0.05,0.331616,0.05,0.05,0.572324
img_01717.jpg,0.129362,0.05,0.05,0.05,0.826418,0.05,0.05,0.05
img_01724.jpg,0.260135,0.05,0.24712,0.0898713,0.0633328,0.117581,0.05,0.151244
img_01745.jpg,0.95,0.05,0.05,0.05,0.05,0.05,0.05,0.05
img_01771.jpg,0.95,0.05,0.05,0.05,0.05,0.05,0.05,0.05
img_01773.jpg,0.365207,0.05,0.05,0.05,0.05,0.05,0.05,0.556535
img_01781.jpg,0.381731,0.05,0.05,0.157219,0.325144,0.05,0.05,0.05
img_01782.jpg,0.05,0.05,0.05,0.05,0.95,0.05,0.05,0.05
img_01802.jpg,0.95,0.05,0.05,0.05,0.05,0.05,0.05,0.05
img_01803.jpg,0.05,0.05,0.05,0.05,0.05,0.05,0.05,0.95
img_01824.jpg,0.05,0.05,0.05,0.05,0.05,0.830405,0.0506229,0.05
img_01825.jpg,0.05,0.95,0.05,0.05,0.05,0.05,0.05,0.05
img_01831.jpg,0.95,0.05,0.05,0.05,0.05,0.05,0.05,0.05
img_01834.jpg,0.05,0.354606,0.192177,0.05,0.05,0.369844,0.05,0.05
img_01847.jpg,0.0712645,0.05,0.05,0.05,0.11787,0.05,0.05,0.733666
img_01853.jpg,0.0942686,0.05,0.05,0.05,0.149037,0.05,0.05,0.626683
img_01856.jpg,0.95,0.05,0.05,0.05,0.05,0.05,0.05,0.05
img_01860.jpg,0.544427,0.05,0.05,0.05,0.234163,0.0798085,0.05,0.0818457
img_01862.jpg,0.291566,0.05,0.242739,0.0802217,0.0524421,0.120478,0.05,0.139859
img_01874.jpg,0.323624,0.05,0.0914506,0.05,0.427045,0.0729192,0.05,0.05
img_01888.jpg,0.05,0.05,0.05,0.05,0.05,0.751793,0.05,0.131675
img_01918.jpg,0.610491,0.172312,0.05,0.0730916,0.05,0.05,0.0652129,0.0500779
img_01930.jpg,0.835925,0.05,0.0730045,0.05,0.05,0.0708474,0.05,0.05
img_01932.jpg,0.895567,0.05,0.05,0.05,0.05,0.05,0.05,0.05
img_01955.jpg,0.05,0.05,0.05,0.05,0.05,0.05,0.05,0.95
img_01963.jpg,0.95,0.05,0.05,0.05,0.05,0.05,0.05,0.05
img_01966.jpg,0.906661,0.05,0.05,0.05,0.05,0.05,0.05,0.05
img_01976.jpg,0.95,0.05,0.05,0.05,0.05,0.05,0.05,0.05
img_01983.jpg,0.05,0.05,0.0664345,0.05,0.721179,0.0697708,0.0512399,0.05
img_01984.jpg,0.942915,0.05,0.05,0.05,0.05,0.05,0.05,0.05
img_01995.jpg,0.05,0.05,0.05,0.0605414,0.05,0.188885,0.05,0.594798
img_01996.jpg,0.05,0.05,0.05,0.05,0.05,0.785034,0.05,0.0746085
img_02001.jpg,0.276052,0.05,0.0644707,0.05,0.139205,0.237072,0.05,0.20045
img_02006.jpg,0.277467,0.05,0.594573,0.05,0.05,0.0627582,0.05,0.05
img_02066.jpg,0.95,0.05,0.05,0.05,0.05,0.05,0.05,0.05
img_02074.jpg,0.95,0.05,0.05,0.05,0.05,0.05,0.05,0.05
img_02076.jpg,0.0513647,0.658836,0.05,0.05,0.221648,0.05,0.05,0.05
img_02077.jpg,0.330555,0.0716499,0.05,0.40142,0.05,0.136992,0.05,0.05
img_02078.jpg,0.05,0.05,0.05,0.05,0.95,0.05,0.05,0.05
img_02082.jpg,0.144278,0.05,0.05,0.05,0.466464,0.05,0.305153,0.05
img_02083.jpg,0.05,0.05,0.05,0.05,0.95,0.05,0.05,0.05
img_02096.jpg,0.95,0.05,0.05,0.05,0.05,0.05,0.05,0.05
img_02119.jpg,0.95,0.05,0.05,0.05,0.05,0.05,0.05,0.05
img_02124.jpg,0.05,0.05,0.05,0.05,0.05,0.880641,0.05,0.05
img_02135.jpg,0.05,0.05,0.05,0.05,0.95,0.05,0.05,0.05
img_02146.jpg,0.95,0.05,0.05,0.05,0.05,0.05,0.05,0.05
img_02159.jpg,0.0797227,0.05,0.05,0.05,0.901492,0.05,0.05,0.05
img_02172.jpg,0.245516,0.05,0.24148,0.0887851,0.063414,0.135966,0.05,0.139806
img_02180.jpg,0.761912,0.05,0.05,0.05,0.073299,0.0789255,0.05,0.05
img_02188.jpg,0.588985,0.05,0.05,0.05,0.05,0.05,0.05,0.340254
img_02194.jpg,0.544864,0.05,0.05,0.05,0.413513,0.05,0.05,0.05
img_02209.jpg,0.106779,0.05,0.05,0.05,0.0585539,0.60462,0.0836015,0.0794044
img_02216.jpg,0.05,0.851855,0.05,0.05,0.05,0.05,0.0646979,0.05
img_02231.jpg,0.320476,0.05,0.05,0.0630561,0.05,0.46816,0.065678,0.05
img_02235.jpg,0.101591,0.05,0.05,0.0729259,0.0849198,0.0944767,0.05,0.539702
img_02252.jpg,0.95,0.05,0.05,0.05,0.05,0.05,0.05,0.05
img_02268.jpg,0.95,0.05,0.05,0.05,0.05,0.05,0.05,0.05
img_02270.jpg,0.95,0.05,0.05,0.05,0.05,0.05,0.05,0.05
img_02281.jpg,0.759334,0.05,0.05,0.0542783,0.0559903,0.05,0.05,0.05
img_02282.jpg,0.05,0.05,0.05,0.05,0.05,0.682506,0.05,0.292839
img_02285.jpg,0.654783,0.05,0.05,0.05,0.252868,0.05,0.05,0.05
img_02291.jpg,0.95,0.05,0.05,0.05,0.05,0.05,0.05,0.05
img_02299.jpg,0.213911,0.05,0.0595217,0.10507,0.0845801,0.344942,0.0657659,0.0799486
img_02305.jpg,0.157188,0.05,0.05,0.05,0.0938208,0.100747,0.05,0.52222
img_02307.jpg,0.05,0.05,0.05,0.05,0.05,0.05,0.05,0.811579
img_02309.jpg,0.95,0.05,0.05,0.05,0.05,0.05,0.05,0.05
img_02318.jpg,0.35062,0.05,0.0733466,0.05,0.0764534,0.202794,0.05,0.224279
img_02347.jpg,0.95,0.05,0.05,0.05,0.05,0.05,0.05,0.05
img_02356.jpg,0.420479,0.05,0.05,0.0726388,0.309829,0.05,0.05,0.133778
img_02367.jpg,0.749822,0.05,0.05,0.05,0.0571047,0.05,0.05,0.0648399
img_02372.jpg,0.05,0.05,0.05,0.05,0.95,0.05,0.05,0.05
img_02379.jpg,0.95,0.05,0.05,0.05,0.05,0.05,0.05,0.05
img_02384.jpg,0.523922,0.05,0.05,0.05,0.225811,0.11906,0.05,0.0797865
img_02398.jpg,0.16035,0.102836,0.0746383,0.153895,0.0672991,0.425068,0.05,0.05
img_02400.jpg,0.942639,0.05,0.05,0.05,0.05,0.05,0.05,0.05
img_02406.jpg,0.26738,0.0654846,0.05,0.469042,0.05,0.12361,0.05,0.05
img_02412.jpg,0.93094,0.05,0.05,0.05,0.05,0.05,0.05,0.05
img_02416.jpg,0.05,0.05,0.05,0.05,0.919205,0.05,0.05,0.05
img_02422.jpg,0.446735,0.05,0.05,0.05,0.0928181,0.258422,0.05,0.112131
img_02479.jpg,0.05,0.05,0.05,0.05,0.95,0.05,0.05,0.05
img_02486.jpg,0.770892,0.05,0.05,0.05,0.05,0.134523,0.05,0.05
img_02487.jpg,0.95,0.05,0.05,0.05,0.05,0.05,0.05,0.05
img_02507.jpg,0.05,0.05,0.348996,0.0840978,0.318931,0.085839,0.119485,0.05
img_02522.jpg,0.391879,0.412787,0.05,0.050874,0.05,0.05,0.05,0.0685397
img_02540.jpg,0.05,0.05,0.284942,0.0742011,0.182921,0.174674,0.149707,0.0697943
img_02546.jpg,0.05,0.05,0.05,0.05,0.662576,0.05,0.05,0.223263
img_02556.jpg,0.1175,0.05,0.05,0.05,0.0902492,0.05,0.05,0.722464
img_02560.jpg,0.05,0.05,0.05,0.05,0.95,0.05,0.05,0.05
img_02563.jpg,0.05,0.05,0.05,0.05,0.95,0.05,0.05,0.05
img_02565.jpg,0.102522,0.05,0.05,0.05,0.279998,0.123164,0.05,0.405249
img_02573.jpg,0.05,0.05,0.05,0.05,0.95,0.05,0.05,0.05
img_02574.jpg,0.673865,0.105585,0.05,0.05,0.05,0.05,0.0789281,0.05
img_02602.jpg,0.889525,0.05,0.05,0.05,0.05,0.05,0.05,0.05
img_02607.jpg,0.05,0.05,0.05,0.05,0.95,0.05,0.05,0.05
img_02622.jpg,0.383957,0.05,0.05,0.05,0.194079,0.0519101,0.05,0.288428
img_02625.jpg,0.05,0.05,0.05,0.05,0.05,0.831058,0.05,0.0924222
img_02636.jpg,0.05,0.0728254,0.05,0.05,0.345146,0.358175,0.05,0.0870916
img_02638.jpg,0.95,0.05,0.05,0.05,0.05,0.05,0.05,0.05
img_02641.jpg,0.95,0.05,0.05,0.05,0.05,0.05,0.05,0.05
img_02646.jpg,0.05,0.05,0.05,0.05,0.133072,0.05,0.05,0.797782
img_02648.jpg,0.05,0.05,0.600503,0.05,0.05,0.0766924,0.05,0.279532
img_02651.jpg,0.95,0.05,0.05,0.05,0.05,0.05,0.05,0.05
img_02656.jpg,0.865121,0.05,0.05,0.05,0.05,0.05,0.05,0.05
img_02666.jpg,0.95,0.05,0.05,0.05,0.05,0.05,0.05,0.05
img_02679.jpg,0.05,0.05,0.05,0.0975573,0.814048,0.05,0.05,0.05
img_02687.jpg,0.448658,0.05,0.058596,0.05,0.0520682,0.20111,0.05,0.167933
img_02699.jpg,0.182189,0.05,0.05,0.05,0.613747,0.05,0.05,0.05
img_02702.jpg,0.912138,0.05,0.05,0.05,0.05,0.05,0.05,0.05
img_02703.jpg,0.767053,0.05,0.05,0.05,0.119941,0.05,0.05,0.05
img_02709.jpg,0.95,0.05,0.05,0.05,0.05,0.05,0.05,0.05
img_02726.jpg,0.05,0.05,0.0709038,0.05,0.730297,0.0682598,0.05,0.05
img_02733.jpg,0.95,0.05,0.05,0.05,0.05,0.05,0.05,0.05
img_02734.jpg,0.82281,0.05,0.05,0.0539761,0.05,0.05,0.05,0.05
img_02739.jpg,0.95,0.05,0.05,0.05,0.05,0.05,0.05,0.05
img_02749.jpg,0.95,0.05,0.05,0.05,0.05,0.05,0.05,0.05
img_02759.jpg,0.05,0.05,0.225868,0.05,0.128153,0.05,0.05,0.55277
img_02764.jpg,0.172857,0.05,0.05,0.05,0.771913,0.05,0.05,0.05
img_02766.jpg,0.95,0.05,0.05,0.05,0.05,0.05,0.05,0.05
img_02769.jpg,0.05,0.05,0.140359,0.053583,0.05,0.05,0.05,0.693878
img_02771.jpg,0.95,0.05,0.05,0.05,0.05,0.05,0.05,0.05
img_02789.jpg,0.0864346,0.05,0.05,0.05,0.58545,0.05,0.256083,0.05
img_02799.jpg,0.95,0.05,0.05,0.05,0.05,0.05,0.05,0.05
img_02808.jpg,0.95,0.05,0.05,0.05,0.05,0.05,0.05,0.05
img_02811.jpg,0.884345,0.05,0.05,0.05,0.05,0.0508203,0.05,0.05
img_02830.jpg,0.0529639,0.0548828,0.05,0.05,0.106907,0.114047,0.05,0.619952
img_02834.jpg,0.775315,0.05,0.05,0.05,0.05,0.05,0.05,0.165335
img_02837.jpg,0.147687,0.333795,0.117949,0.0812252,0.117657,0.05,0.0889368,0.0718666
img_02838.jpg,0.95,0.05,0.05,0.05,0.05,0.05,0.05,0.05
img_02842.jpg,0.0719237,0.05,0.05,0.05,0.05,0.710911,0.05,0.0946236
img_02857.jpg,0.92101,0.05,0.05,0.05,0.05,0.05,0.05,0.05
img_02865.jpg,0.05,0.05,0.05,0.05,0.05,0.05,0.05,0.95
img_02871.jpg,0.0585971,0.05,0.05,0.05,0.150831,0.160688,0.05,0.52411
img_02876.jpg,0.05,0.05,0.05,0.05,0.0648422,0.108539,0.05,0.773006
img_02889.jpg,0.934301,0.05,0.05,0.05,0.05,0.05,0.05,0.05
img_02890.jpg,0.0614914,0.0633821,0.05,0.0994964,0.0561132,0.667313,0.05,0.05
img_02899.jpg,0.655103,0.05,0.05,0.0606189,0.213489,0.05,0.05,0.05
img_02904.jpg,0.95,0.05,0.05,0.05,0.05,0.05,0.05,0.05
img_02911.jpg,0.600947,0.055821,0.05,0.135082,0.0801477,0.0553184,0.05,0.05
img_02916.jpg,0.369917,0.0538329,0.05,0.05,0.05,0.503901,0.05,0.05
img_02920.jpg,0.912883,0.05,0.05,0.05,0.05,0.05,0.05,0.05
img_02943.jpg,0.721059,0.05,0.05,0.0681946,0.0650726,0.0763749,0.05,0.05
img_02949.jpg,0.95,0.05,0.05,0.05,0.05,0.05,0.05,0.05
img_02954.jpg,0.238511,0.271355,0.05,0.05,0.182766,0.05,0.0892536,0.201348
img_02956.jpg,0.916534,0.05,0.05,0.05,0.05,0.05,0.05,0.054875
img_02964.jpg,0.05,0.05,0.05,0.05,0.05,0.05,0.05,0.95
img_02974.jpg,0.795155,0.0628457,0.05,0.05,0.05,0.05,0.05,0.0858602
img_02977.jpg,0.121861,0.452522,0.05,0.0612746,0.276916,0.05,0.0580084,0.05
img_02993.jpg,0.05,0.0522585,0.148632,0.116193,0.05,0.0659384,0.0618691,0.550166
img_03014.jpg,0.05,0.05,0.05,0.05,0.812273,0.05,0.05,0.0983753
img_03043.jpg,0.05,0.05,0.115879,0.0554316,0.05,0.523251,0.05,0.264188
img_03055.jpg,0.934656,0.05,0.05,0.05,0.05,0.05,0.05,0.05
img_03064.jpg,0.35259,0.05,0.05,0.05,0.378102,0.0990625,0.05,0.0665654
img_03069.jpg,0.237377,0.05,0.05,0.05,0.0842254,0.375619,0.05,0.191417
img_03074.jpg,0.95,0.05,0.05,0.05,0.05,0.05,0.05,0.05
img_03078.jpg,0.95,0.05,0.05,0.05,0.05,0.05,0.05,0.05
img_03080.jpg,0.95,0.05,0.05,0.05,0.05,0.05,0.05,0.05
img_03082.jpg,0.857227,0.121267,0.05,0.05,0.05,0.05,0.05,0.05
img_03087.jpg,0.05,0.05,0.05,0.05,0.366745,0.431011,0.0521614,0.0819077
img_03116.jpg,0.05,0.05,0.05,0.05,0.925077,0.05,0.05,0.05
img_03128.jpg,0.62096,0.05,0.05,0.05,0.108875,0.05,0.05,0.208485
img_03135.jpg,0.130613,0.05,0.05,0.05,0.116872,0.05,0.05,0.684788
img_03140.jpg,0.922217,0.05,0.05,0.05,0.05,0.05,0.05,0.05
img_03166.jpg,0.95,0.05,0.05,0.05,0.05,0.05,0.05,0.05
img_03169.jpg,0.05,0.05,0.05,0.05,0.05,0.05,0.05,0.95
img_03181.jpg,0.297459,0.05,0.05,0.05,0.05,0.692286,0.05,0.05
img_03195.jpg,0.272487,0.05,0.05,0.05,0.486828,0.0508744,0.05,0.0813466
img_03199.jpg,0.769778,0.05,0.05,0.05,0.05,0.05,0.05,0.145057
img_03210.jpg,0.05,0.05,0.05,0.05,0.05,0.05,0.05,0.95
img_03220.jpg,0.877671,0.0997929,0.05,0.05,0.05,0.05,0.05,0.05
img_03222.jpg,0.350524,0.33571,0.0596656,0.05,0.05,0.0793631,0.0622188,0.0635853
img_03223.jpg,0.06106,0.05,0.05,0.05,0.05,0.05,0.05,0.77656
img_03228.jpg,0.95,0.05,0.05,0.05,0.05,0.05,0.05,0.05
img_03229.jpg,0.121174,0.0638809,0.05,0.05,0.187185,0.197356,0.156071,0.221856
img_03231.jpg,0.755299,0.05,0.0751517,0.05,0.05,0.103667,0.05,0.05
img_03238.jpg,0.630147,0.05,0.05,0.05,0.0512456,0.0990924,0.05,0.130561
img_03239.jpg,0.05,0.0514476,0.05,0.05,0.05,0.05,0.942786,0.05
img_03252.jpg,0.95,0.05,0.05,0.05,0.05,0.05,0.05,0.05
img_03254.jpg,0.05,0.05,0.05,0.05,0.05,0.8529,0.05,0.0673152
img_03260.jpg,0.938587,0.05,0.05,0.05,0.05,0.05,0.05,0.05
img_03261.jpg,0.95,0.05,0.05,0.05,0.05,0.05,0.05,0.05
img_03270.jpg,0.42337,0.05,0.05,0.0969662,0.297598,0.05,0.05,0.101358
img_03283.jpg,0.828627,0.05,0.05,0.0813418,0.05,0.05,0.05,0.05
img_03290.jpg,0.381786,0.05,0.05,0.05,0.05,0.05,0.05,0.491104
img_03297.jpg,0.95,0.05,0.05,0.05,0.05,0.05,0.05,0.05
img_03310.jpg,0.898557,0.0609906,0.05,0.05,0.05,0.05,0.05,0.05
img_03312.jpg,0.738704,0.128479,0.05,0.05,0.05,0.05,0.05,0.05
img_03324.jpg,0.05,0.328973,0.215047,0.0666667,0.05,0.309803,0.05,0.05
img_03333.jpg,0.05,0.05,0.05,0.05,0.05,0.795679,0.05,0.0754065
img_03342.jpg,0.27177,0.05,0.05,0.05,0.140981,0.426869,0.05,0.092624
img_03346.jpg,0.925164,0.05,0.05,0.05,0.05,0.05,0.05,0.05
img_03355.jpg,0.266137,0.05,0.05,0.05,0.05,0.05,0.05,0.653097
img_03361.jpg,0.05,0.95,0.05,0.05,0.05,0.05,0.05,0.05
img_03370.jpg,0.533368,0.05,0.05,0.05,0.190569,0.0978768,0.05,0.11647
img_03399.jpg,0.813771,0.0951531,0.05,0.05,0.05,0.05,0.05,0.05
img_03410.jpg,0.95,0.05,0.05,0.05,0.05,0.05,0.05,0.05
img_03422.jpg,0.95,0.05,0.05,0.05,0.05,0.05,0.05,0.05
img_03426.jpg,0.447989,0.05,0.05,0.05,0.05,0.388446,0.0508065,0.0518278
img_03439.jpg,0.95,0.05,0.05,0.05,0.05,0.05,0.05,0.05
img_03440.jpg,0.05,0.162158,0.05,0.05,0.05,0.05,0.05,0.787364
img_03444.jpg,0.05,0.89481,0.05,0.05,0.05,0.05,0.05,0.05
img_03445.jpg,0.157596,0.05,0.05,0.05,0.831127,0.05,0.05,0.05
img_03446.jpg,0.05,0.144884,0.05,0.05,0.05,0.05,0.05,0.827933
img_03452.jpg,0.1982,0.58087,0.05,0.05,0.05,0.108793,0.05,0.05
img_03454.jpg,0.772067,0.05,0.05,0.05,0.179786,0.05,0.05,0.05
img_03456.jpg,0.05,0.05,0.05,0.05,0.735961,0.05,0.05,0.186591
img_03457.jpg,0.549116,0.0709876,0.12419,0.05,0.05,0.140525,0.0515962,0.05
img_03471.jpg,0.137735,0.389031,0.05,0.19005,0.05,0.05,0.102199,0.139814
img_03475.jpg,0.05,0.05,0.05,0.05,0.95,0.05,0.05,0.05
img_03488.jpg,0.837604,0.0730524,0.05,0.05,0.05,0.05,0.05,0.05
img_03490.jpg,0.05,0.05,0.05,0.05,0.940686,0.05,0.05,0.05
img_03502.jpg,0.354601,0.05,0.05,0.05,0.418735,0.0796823,0.05,0.0651644
img_03504.jpg,0.307955,0.05,0.05,0.05,0.05,0.682489,0.05,0.05
img_03520.jpg,0.95,0.05,0.05,0.05,0.05,0.05,0.05,0.05
img_03527.jpg,0.05,0.05,0.05,0.05,0.05,0.05,0.05,0.949658
img_03547.jpg,0.937388,0.05,0.05,0.05,0.05,0.05,0.05,0.05
img_03548.jpg,0.770022,0.05,0.05,0.05,0.0978129,0.0500363,0.05,0.0588997
img_03554.jpg,0.95,0.05,0.05,0.05,0.05,0.05,0.05,0.05
img_03563.jpg,0.625674,0.20941,0.05,0.0884614,0.05,0.05,0.05,0.05
img_03581.jpg,0.95,0.05,0.05,0.05,0.05,0.05,0.05,0.05
img_03584.jpg,0.05,0.05,0.05,0.05,0.107433,0.05,0.05,0.794631
img_03587.jpg,0.171434,0.05,0.05,0.05,0.05,0.05,0.05,0.73487
img_03588.jpg,0.05,0.05,0.05,0.05,0.05,0.770035,0.05,0.0786747
img_03602.jpg,0.0651393,0.05,0.05,0.05,0.05,0.709458,0.05,0.119403
img_03627.jpg,0.95,0.05,0.05,0.05,0.05,0.05,0.05,0.05
img_03628.jpg,0.95,0.05,0.05,0.05,0.05,0.05,0.05,0.05
img_03652.jpg,0.422235,0.05,0.05,0.05,0.538905,0.05,0.05,0.05
img_03670.jpg,0.807677,0.05,0.05,0.05,0.141375,0.05,0.05,0.05
img_03674.jpg,0.05,0.05,0.05,0.05,0.95,0.05,0.05,0.05
img_03677.jpg,0.95,0.05,0.05,0.05,0.05,0.05,0.05,0.05
img_03711.jpg,0.95,0.05,0.05,0.05,0.05,0.05,0.05,0.05
img_03715.jpg,0.388035,0.334679,0.05,0.161084,0.05,0.05,0.05,0.05
img_03718.jpg,0.836318,0.05,0.05,0.05,0.05,0.0953488,0.05,0.05
img_03726.jpg,0.141865,0.05,0.05,0.05,0.113892,0.109639,0.05,0.511343
img_03739.jpg,0.05,0.0551123,0.216938,0.05,0.0946437,0.207658,0.05,0.375598
img_03749.jpg,0.505699,0.05,0.05,0.05,0.05,0.05,0.05,0.360483
img_03750.jpg,0.177373,0.05,0.05,0.05,0.192084,0.152042,0.05,0.405152
img_03760.jpg,0.370724,0.05,0.05,0.05,0.05,0.05,0.05,0.475813
img_03764.jpg,0.05,0.147172,0.05,0.05,0.15699,0.421908,0.146233,0.05
img_03776.jpg,0.95,0.05,0.05,0.05,0.05,0.05,0.05,0.05
img_03801.jpg,0.95,0.05,0.05,0.05,0.05,0.05,0.05,0.05
img_03805.jpg,0.93555,0.05,0.05,0.05,0.05,0.05,0.05,0.05
img_03809.jpg,0.682327,0.05,0.05,0.0546621,0.05,0.05,0.05,0.198614
img_03825.jpg,0.95,0.05,0.05,0.05,0.05,0.05,0.05,0.05
img_03831.jpg,0.05,0.13508,0.05,0.05,0.05,0.05,0.05,0.826327
img_03837.jpg,0.888843,0.05,0.05,0.05,0.05,0.05,0.05,0.05
img_03847.jpg,0.05,0.05,0.0661411,0.05,0.0955424,0.611173,0.05,0.135174
img_03853.jpg,0.944464,0.05,0.05,0.05,0.05,0.05,0.05,0.05
img_03866.jpg,0.855231,0.05,0.05,0.05,0.05,0.05,0.05,0.05
img_03867.jpg,0.05,0.05,0.05,0.05,0.935696,0.05,0.05,0.05
img_03869.jpg,0.847501,0.05,0.05,0.05,0.133254,0.05,0.05,0.05
img_03871.jpg,0.05,0.05,0.05,0.0617116,0.0704409,0.312431,0.05,0.482082
img_03886.jpg,0.95,0.05,0.05,0.05,0.05,0.05,0.05,0.05
img_03891.jpg,0.902686,0.05,0.05,0.05,0.05,0.05,0.05,0.05
img_03892.jpg,0.0743987,0.05,0.05,0.05,0.0526633,0.172172,0.05,0.595834
img_03896.jpg,0.945267,0.05,0.05,0.05,0.0519691,0.05,0.05,0.05
img_03923.jpg,0.0924731,0.05,0.05,0.0849444,0.775913,0.05,0.05,0.05
img_03924.jpg,0.05,0.05,0.05,0.05,0.95,0.05,0.05,0.05
img_03928.jpg,0.225097,0.05,0.05,0.05,0.0534648,0.05,0.201232,0.430617
img_03929.jpg,0.133326,0.05,0.05,0.0771606,0.10012,0.13044,0.05,0.445174
img_03931.jpg,0.95,0.05,0.05,0.05,0.05,0.05,0.05,0.05
img_03935.jpg,0.326153,0.05,0.05,0.05,0.549455,0.05,0.05,0.05
img_03941.jpg,0.768403,0.05,0.05,0.05,0.05,0.141293,0.05,0.05
img_03942.jpg,0.87747,0.0722619,0.05,0.05,0.05,0.05,0.05,0.05
img_03943.jpg,0.95,0.05,0.05,0.05,0.05,0.05,0.05,0.05
img_03945.jpg,0.05,0.05,0.05,0.05,0.05,0.876823,0.05,0.05
img_03946.jpg,0.05,0.05,0.05,0.05,0.05,0.23424,0.05,0.586018
img_03952.jpg,0.713431,0.137927,0.0589047,0.05,0.05,0.05,0.05,0.05
img_03967.jpg,0.888193,0.05,0.05,0.05,0.05,0.05,0.05,0.05
img_03974.jpg,0.95,0.05,0.05,0.05,0.05,0.05,0.05,0.05
img_03992.jpg,0.05,0.553013,0.05,0.05,0.345079,0.05,0.05,0.05
img_03995.jpg,0.05,0.05,0.05,0.05,0.0912537,0.05,0.05,0.797206
img_03996.jpg,0.911287,0.05,0.05,0.05,0.05,0.05,0.05,0.05
img_04001.jpg,0.949402,0.05,0.05,0.05,0.05,0.05,0.05,0.05
img_04002.jpg,0.05,0.05,0.05,0.05,0.141158,0.638485,0.0521169,0.05
img_04003.jpg,0.910569,0.05,0.05,0.05,0.05,0.05,0.05,0.05
img_04004.jpg,0.58991,0.074538,0.0963815,0.05,0.05,0.11086,0.052916,0.05
img_04013.jpg,0.19475,0.05,0.05,0.0604718,0.113729,0.05,0.05,0.484649
img_04015.jpg,0.756886,0.05,0.05,0.05,0.05,0.05,0.05,0.05
img_04024.jpg,0.635697,0.05,0.05,0.05,0.12749,0.05,0.05,0.13187
img_04036.jpg,0.256949,0.05,0.05,0.05,0.05,0.05,0.05,0.670273
img_04037.jpg,0.290639,0.05,0.05,0.05,0.336206,0.0920718,0.05,0.157585
img_04044.jpg,0.95,0.05,0.05,0.05,0.05,0.05,0.05,0.05
img_04061.jpg,0.0571396,0.05,0.05,0.05,0.212088,0.163381,0.05,0.486079
img_04069.jpg,0.0711284,0.077104,0.05,0.119475,0.0620587,0.615531,0.05,0.05
img_04073.jpg,0.05,0.05,0.05,0.05,0.05,0.05,0.05,0.826793
img_04076.jpg,0.173275,0.05,0.0562719,0.05,0.628913,0.05997,0.05,0.05
img_04101.jpg,0.846067,0.0743566,0.05,0.05,0.05,0.05,0.05,0.05
img_04115.jpg,0.691945,0.05,0.05,0.05,0.05,0.05,0.05,0.198365
img_04118.jpg,0.544802,0.05,0.05,0.05,0.05,0.437933,0.05,0.05
img_04126.jpg,0.90216,0.05,0.05,0.05,0.0589251,0.05,0.05,0.05
img_04127.jpg,0.05,0.05,0.05,0.05,0.104372,0.263926,0.05,0.500959
img_04128.jpg,0.05,0.852877,0.05,0.05,0.05,0.05,0.05,0.05
img_04129.jpg,0.93471,0.05,0.05,0.05,0.05,0.05,0.05,0.05
img_04130.jpg,0.75327,0.05,0.05,0.05,0.209834,0.05,0.05,0.05
img_04136.jpg,0.941834,0.05,0.05,0.05,0.05,0.05,0.05,0.05
img_04138.jpg,0.05,0.05,0.05,0.05,0.95,0.05,0.05,0.05
img_04145.jpg,0.313152,0.05,0.05,0.05,0.0834477,0.21404,0.05,0.244094
img_04156.jpg,0.282007,0.05,0.05,0.05,0.05,0.645006,0.05,0.05
img_04181.jpg,0.818265,0.05,0.05,0.05,0.05,0.05,0.05,0.0513636
img_04183.jpg,0.921043,0.05,0.05,0.05,0.05,0.05,0.05,0.0766874
img_04204.jpg,0.05,0.05,0.05,0.05,0.05,0.05,0.05,0.95
img_04221.jpg,0.95,0.05,0.05,0.05,0.05,0.05,0.05,0.05
img_04233.jpg,0.05,0.05,0.05,0.05,0.874909,0.05,0.05,0.05
img_04237.jpg,0.05,0.95,0.05,0.05,0.05,0.05,0.05,0.05
img_04240.jpg,0.207192,0.05,0.05,0.05,0.238925,0.118573,0.05,0.354975
img_04247.jpg,0.302725,0.05,0.05,0.05,0.05,0.05,0.489435,0.0613205
img_04250.jpg,0.05,0.05,0.05,0.05,0.95,0.05,0.05,0.05
img_04257.jpg,0.225279,0.104194,0.05,0.05,0.466773,0.05,0.0863076,0.0557282
img_04261.jpg,0.821109,0.13722,0.05,0.05,0.05,0.05,0.05,0.05
img_04263.jpg,0.947852,0.05,0.05,0.05,0.05,0.05,0.05,0.05
img_04266.jpg,0.05,0.05,0.05,0.05,0.05,0.821274,0.05,0.10079
img_04268.jpg,0.415927,0.05,0.05,0.05,0.219079,0.095691,0.05,0.159411
img_04271.jpg,0.05,0.05,0.05,0.05,0.899582,0.0537836,0.05,0.05
img_04272.jpg,0.95,0.05,0.05,0.05,0.05,0.05,0.05,0.05
img_04282.jpg,0.0545931,0.0628217,0.05,0.05,0.109388,0.159192,0.05,0.53707
img_04285.jpg,0.655513,0.05,0.05,0.05,0.174346,0.05,0.05,0.128072
img_04306.jpg,0.95,0.05,0.05,0.05,0.05,0.05,0.05,0.05
img_04310.jpg,0.95,0.05,0.05,0.05,0.05,0.05,0.05,0.05
img_04321.jpg,0.116046,0.05,0.05,0.05,0.133455,0.05,0.05,0.682546
img_04323.jpg,0.27332,0.05,0.05,0.05,0.641346,0.05,0.05,0.05
img_04324.jpg,0.927937,0.05,0.05,0.05,0.05,0.05,0.05,0.05
img_04341.jpg,0.369203,0.05,0.05,0.05,0.432942,0.05,0.159397,0.05
img_04369.jpg,0.616022,0.05,0.05,0.05,0.0627744,0.151897,0.05,0.102284
img_04370.jpg,0.90345,0.05,0.05,0.05,0.05,0.05,0.05,0.05
img_04375.jpg,0.05,0.05,0.05,0.05,0.95,0.05,0.05,0.05
img_04382.jpg,0.05,0.0624882,0.05,0.05,0.05,0.05,0.05,0.91584
img_04386.jpg,0.137648,0.05,0.084488,0.056454,0.474018,0.15799,0.05,0.05
img_04390.jpg,0.433582,0.05,0.05,0.05,0.05,0.05,0.05,0.526963
img_04405.jpg,0.139357,0.05,0.05,0.05,0.05,0.05,0.05,0.764327
img_04408.jpg,0.616209,0.187744,0.05,0.114659,0.05,0.05,0.05,0.05
img_04410.jpg,0.87362,0.05,0.05,0.05,0.05,0.05,0.05,0.05
img_04415.jpg,0.702168,0.0973107,0.05,0.05,0.05,0.05,0.0734996,0.05
img_04419.jpg,0.05,0.05,0.05,0.05,0.95,0.05,0.05,0.05
img_04422.jpg,0.307443,0.586695,0.05,0.05,0.05,0.05,0.05,0.05
img_04423.jpg,0.95,0.05,0.05,0.05,0.05,0.05,0.05,0.05
img_04425.jpg,0.310483,0.0666745,0.05,0.0682451,0.12373,0.0793645,0.290144,0.05
img_04427.jpg,0.502061,0.05,0.05,0.05,0.05,0.05,0.05,0.414219
img_04432.jpg,0.95,0.05,0.05,0.05,0.05,0.05,0.05,0.05
img_04453.jpg,0.05,0.05,0.0926685,0.05,0.802273,0.05,0.05,0.05
img_04461.jpg,0.93711,0.05,0.05,0.05,0.05,0.05,0.05,0.05
img_04476.jpg,0.224594,0.05,0.05,0.05,0.22075,0.118014,0.05,0.357695
img_04478.jpg,0.489162,0.128395,0.05,0.05,0.242705,0.05,0.05,0.05
img_04479.jpg,0.05,0.05,0.05,0.05,0.107013,0.518518,0.05,0.266163
img_04482.jpg,0.531132,0.05,0.05,0.0701552,0.05,0.195065,0.120244,0.05
img_04496.jpg,0.95,0.05,0.05,0.05,0.05,0.05,0.05,0.05
img_04503.jpg,0.05,0.05,0.0652188,0.05,0.761949,0.05,0.0749229,0.05
img_04507.jpg,0.0531985,0.05,0.05,0.05,0.05,0.05,0.05,0.864481
img_04511.jpg,0.05,0.05,0.05,0.05,0.05,0.755741,0.0702341,0.122143
img_04520.jpg,0.059316,0.05,0.05,0.05,0.758319,0.05,0.0993464,0.05
img_04532.jpg,0.05,0.05,0.05,0.05,0.05,0.745867,0.05,0.138697
img_04546.jpg,0.05,0.05,0.0978813,0.118096,0.05,0.0648847,0.05,0.651022
img_04554.jpg,0.829287,0.113988,0.05,0.05,0.05,0.05,0.05,0.05
img_04559.jpg,0.05,0.05,0.79338,0.05,0.05,0.0898363,0.05,0.05
img_04562.jpg,0.05,0.05,0.05,0.05,0.05,0.05,0.05,0.95
img_04563.jpg,0.05,0.05,0.05,0.05,0.05,0.811458,0.05,0.0606325
img_04585.jpg,0.05,0.05,0.05,0.0736123,0.879872,0.05,0.05,0.05
img_04586.jpg,0.731779,0.05,0.101627,0.05,0.05,0.0622678,0.05,0.05
img_04603.jpg,0.95,0.05,0.05,0.05,0.05,0.05,0.05,0.05
img_04624.jpg,0.05,0.05,0.05,0.05,0.05,0.80576,0.05,0.124819
img_04629.jpg,0.95,0.05,0.05,0.05,0.05,0.05,0.05,0.05
img_04640.jpg,0.25963,0.05,0.0734021,0.05,0.149573,0.207897,0.05,0.228611
img_04642.jpg,0.05,0.05,0.05,0.05,0.95,0.05,0.05,0.05
img_04647.jpg,0.95,0.05,0.05,0.05,0.05,0.05,0.05,0.05
img_04657.jpg,0.270609,0.117412,0.43251,0.05,0.05,0.122071,0.05,0.05
img_04661.jpg,0.888677,0.0559805,0.05,0.05,0.05,0.05,0.05,0.05
img_04671.jpg,0.609202,0.05,0.05,0.05,0.141505,0.05,0.05,0.147716
img_04675.jpg,0.05,0.134934,0.05,0.05,0.05,0.05,0.05,0.841996
img_04696.jpg,0.95,0.05,0.05,0.05,0.05,0.05,0.05,0.05
img_04705.jpg,0.05,0.05,0.0764553,0.05,0.720494,0.05,0.05,0.157
img_04712.jpg,0.05,0.05,0.05,0.05,0.05,0.05,0.05,0.95
img_04719.jpg,0.05,0.05,0.05,0.05,0.831226,0.05,0.05,0.05
img_04723.jpg,0.05,0.0508986,0.05,0.05,0.05,0.05,0.05,0.910664
img_04726.jpg,0.05,0.05,0.05,0.05,0.124369,0.05,0.05,0.825536
img_04740.jpg,0.0618864,0.05,0.306213,0.0609061,0.283066,0.0995896,0.101517,0.063817
img_04750.jpg,0.604478,0.0709979,0.05,0.05,0.279561,0.05,0.05,0.05
img_04752.jpg,0.208771,0.0783862,0.05,0.509572,0.05,0.13055,0.05,0.05
img_04757.jpg,0.331395,0.05,0.05,0.05,0.0924989,0.202191,0.05,0.233256
img_04766.jpg,0.759085,0.05,0.05,0.05,0.05,0.05,0.05,0.14927
img_04795.jpg,0.133434,0.0840231,0.05,0.05,0.251255,0.104592,0.161365,0.206747
img_04811.jpg,0.05,0.05,0.05,0.0530022,0.127447,0.217921,0.0655374,0.502103
img_04814.jpg,0.05,0.05,0.194496,0.0530736,0.05,0.05,0.05,0.699764
img_04830.jpg,0.862837,0.05,0.05,0.05,0.0945627,0.05,0.05,0.05
img_04835.jpg,0.05,0.05,0.05,0.05,0.122197,0.434637,0.05,0.36205
img_04856.jpg,0.95,0.05,0.05,0.05,0.05,0.05,0.05,0.05
img_04860.jpg,0.94214,0.05,0.05,0.05,0.05,0.05,0.05,0.05
img_04870.jpg,0.58608,0.05,0.05,0.0771129,0.257373,0.05,0.05,0.05
img_04872.jpg,0.860891,0.05,0.05,0.05,0.05,0.05,0.05,0.0631989
img_04879.jpg,0.05,0.05,0.05,0.05,0.137282,0.634165,0.05,0.0589614
img_04885.jpg,0.202351,0.05,0.05,0.0555389,0.112649,0.05,0.05,0.512239
img_04888.jpg,0.95,0.05,0.05,0.05,0.05,0.05,0.05,0.05
img_04921.jpg,0.05,0.05,0.05,0.05,0.0617893,0.397545,0.05,0.403393
img_04949.jpg,0.05,0.770418,0.05,0.05,0.05,0.05,0.05,0.153166
img_04959.jpg,0.859724,0.0777786,0.05,0.05,0.05,0.05,0.05,0.05
img_04962.jpg,0.05,0.05,0.636467,0.05,0.05,0.222381,0.05,0.114177
img_04975.jpg,0.223933,0.05,0.05,0.05,0.26069,0.0990731,0.05,0.355302
img_04990.jpg,0.20154,0.05,0.05,0.05,0.05,0.05,0.05,0.684887
img_04991.jpg,0.05,0.05,0.05,0.05,0.109683,0.68062,0.05,0.0673285
img_05015.jpg,0.454204,0.116933,0.0707776,0.05,0.05,0.164025,0.0860884,0.05
img_05016.jpg,0.698763,0.05,0.05,0.05,0.0906287,0.094251,0.05,0.061421
img_05021.jpg,0.05,0.05,0.05,0.05,0.95,0.05,0.05,0.05
img_05026.jpg,0.703664,0.05,0.05,0.05,0.16785,0.05,0.05,0.0911993
img_05030.jpg,0.0978357,0.0778487,0.05,0.05,0.127478,0.111211,0.05,0.521289
img_05038.jpg,0.669549,0.05,0.05,0.05,0.180579,0.05,0.05,0.0768189
img_05046.jpg,0.0535576,0.05,0.05,0.05,0.0518648,0.05,0.05,0.763934
img_05055.jpg,0.782315,0.05,0.05,0.05,0.165202,0.05,0.05,0.05
img_05059.jpg,0.05,0.05,0.05,0.05,0.771306,0.0554165,0.05,0.138577
img_05064.jpg,0.95,0.05,0.05,0.05,0.05,0.05,0.05,0.05
img_05068.jpg,0.05,0.138588,0.05,0.0846439,0.05,0.05,0.05,0.664079
img_05074.jpg,0.903789,0.05,0.05,0.05,0.0727855,0.05,0.05,0.05
img_05076.jpg,0.156514,0.05,0.05,0.05,0.0682036,0.05,0.05,0.705545
img_05078.jpg,0.05,0.05,0.05,0.05,0.133515,0.05,0.05,0.79692
img_05084.jpg,0.889003,0.05,0.05,0.05,0.05,0.05,0.05,0.0772507
img_05085.jpg,0.121447,0.05,0.0971996,0.05,0.474102,0.0522455,0.120307,0.0933567
img_05087.jpg,0.95,0.05,0.05,0.05,0.05,0.05,0.05,0.05
img_05095.jpg,0.95,0.05,0.05,0.05,0.05,0.05,0.05,0.05
img_05119.jpg,0.60303,0.05,0.05,0.05,0.349942,0.05,0.05,0.05
img_05137.jpg,0.564382,0.05,0.05,0.05,0.0908495,0.0792034,0.05,0.189895
img_05139.jpg,0.05,0.05,0.190503,0.05,0.05,0.05,0.05,0.722606
img_05147.jpg,0.49299,0.0972417,0.0713916,0.05,0.05,0.148221,0.0843268,0.05
img_05156.jpg,0.265923,0.0715585,0.05,0.05,0.423534,0.183508,0.05,0.05
img_05185.jpg,0.95,0.05,0.05,0.05,0.05,0.05,0.05,0.05
img_05186.jpg,0.95,0.05,0.05,0.05,0.05,0.05,0.05,0.05
img_05192.jpg,0.133835,0.0519337,0.05,0.05,0.147297,0.05,0.127112,0.477482
img_05196.jpg,0.05,0.05,0.05,0.05,0.95,0.05,0.05,0.05
img_05209.jpg,0.779524,0.05,0.0898389,0.05,0.05,0.103915,0.05,0.05
img_05210.jpg,0.95,0.05,0.05,0.05,0.05,0.05,0.05,0.05
img_05211.jpg,0.119977,0.05,0.05,0.05,0.063042,0.05,0.05,0.689834
img_05222.jpg,0.95,0.05,0.05,0.05,0.05,0.05,0.05,0.05
img_05236.jpg,0.356001,0.0610934,0.05,0.05,0.195756,0.0918016,0.05,0.204652
img_05241.jpg,0.05,0.0665022,0.05,0.0942432,0.0704475,0.68152,0.05,0.05
img_05244.jpg,0.586637,0.0875186,0.0545784,0.05,0.153036,0.05,0.05,0.05
img_05251.jpg,0.05,0.0659297,0.05,0.05,0.132935,0.162985,0.05,0.519038
img_05253.jpg,0.05,0.05,0.355202,0.0556106,0.05,0.208299,0.09938,0.239683
img_05260.jpg,0.931754,0.05,0.05,0.05,0.05,0.05,0.05,0.05
img_05264.jpg,0.05,0.117983,0.05,0.05,0.05,0.05,0.05,0.869565
img_05268.jpg,0.254349,0.05,0.0555903,0.05,0.134161,0.239337,0.05,0.241173
img_05269.jpg,0.79364,0.05,0.05,0.05,0.0908829,0.05,0.05,0.05
img_05273.jpg,0.384199,0.05,0.21239,0.080725,0.05,0.136973,0.05,0.0796499
img_05276.jpg,0.05,0.05,0.05,0.05,0.147041,0.05,0.05,0.797364
img_05284.jpg,0.409964,0.460398,0.0591188,0.05,0.05,0.05,0.05,0.05
img_05292.jpg,0.361247,0.05,0.05,0.05,0.162872,0.308407,0.05,0.101555
img_05293.jpg,0.05,0.05,0.05,0.05,0.0574543,0.05,0.05,0.781392
img_05322.jpg,0.95,0.05,0.05,0.05,0.05,0.05,0.05,0.05
img_05328.jpg,0.101602,0.05,0.05,0.05,0.432682,0.05,0.40263,0.05
img_05336.jpg,0.923567,0.05,0.05,0.05,0.05,0.05,0.05,0.05
img_05341.jpg,0.80801,0.05,0.05,0.05,0.122871,0.05,0.05,0.05
img_05349.jpg,0.05,0.95,0.05,0.05,0.05,0.05,0.05,0.05
img_05359.jpg,0.266359,0.05,0.05,0.05,0.171023,0.37731,0.05,0.11026
img_05378.jpg,0.534159,0.05,0.05,0.05,0.4105,0.05,0.05,0.05
img_05393.jpg,0.05,0.585102,0.05,0.05,0.05,0.05,0.05,0.330135
img_05410.jpg,0.05,0.05,0.12551,0.05,0.05,0.208359,0.05,0.621384
img_05426.jpg,0.530437,0.136804,0.0688149,0.05,0.05,0.12919,0.05,0.05
img_05433.jpg,0.218103,0.05,0.05,0.05,0.100246,0.31066,0.0514004,0.21867
img_05434.jpg,0.269919,0.05,0.05,0.05,0.621628,0.05,0.05,0.05
img_05438.jpg,0.262704,0.36134,0.0985281,0.05,0.05,0.200866,0.05,0.05
img_05439.jpg,0.95,0.05,0.05,0.05,0.05,0.05,0.05,0.05
img_05440.jpg,0.81011,0.05,0.0864102,0.05,0.05,0.0831527,0.05,0.05
img_05445.jpg,0.906452,0.05,0.05,0.05,0.0591573,0.05,0.05,0.05
img_05454.jpg,0.05,0.05,0.05,0.05,0.95,0.05,0.05,0.05
img_05459.jpg,0.95,0.05,0.05,0.05,0.05,0.05,0.05,0.05
img_05463.jpg,0.38675,0.05,0.05,0.05,0.157506,0.261509,0.05,0.141111
img_05471.jpg,0.0627428,0.05,0.05,0.05,0.126426,0.265624,0.05,0.433354
img_05475.jpg,0.05,0.05,0.05,0.05,0.899453,0.05,0.05,0.05
img_05479.jpg,0.854245,0.05,0.05,0.05,0.05,0.05,0.05,0.05
img_05488.jpg,0.95,0.05,0.05,0.05,0.05,0.05,0.05,0.05
img_05489.jpg,0.938433,0.05,0.05,0.05,0.05,0.05,0.05,0.05
img_05492.jpg,0.05,0.05,0.05,0.05,0.05,0.05,0.05,0.95
img_05508.jpg,0.927743,0.05,0.05,0.05,0.05,0.05,0.05,0.05
img_05516.jpg,0.354777,0.0650484,0.05,0.05,0.14636,0.0759609,0.05,0.268083
img_05520.jpg,0.106625,0.05,0.05,0.05,0.0584864,0.618741,0.0715842,0.0836326
img_05525.jpg,0.836076,0.05,0.05,0.05,0.05,0.05,0.05,0.05
img_05539.jpg,0.05,0.0637725,0.05,0.103019,0.0674538,0.681608,0.05,0.05
img_05548.jpg,0.940259,0.05,0.05,0.05,0.05,0.05,0.05,0.05
img_05558.jpg,0.676688,0.05,0.05,0.05,0.106727,0.05,0.05,0.120054
img_05563.jpg,0.93153,0.05,0.05,0.05,0.05,0.05,0.05,0.05
img_05568.jpg,0.95,0.05,0.05,0.05,0.05,0.05,0.05,0.05
img_05572.jpg,0.166952,0.05,0.05,0.05,0.05,0.05,0.05,0.746571
img_05580.jpg,0.147778,0.05,0.05,0.05,0.05,0.05,0.05,0.740511
img_05584.jpg,0.95,0.05,0.05,0.05,0.05,0.05,0.05,0.05
img_05587.jpg,0.144955,0.05,0.05,0.05,0.794232,0.05,0.05,0.05
img_05595.jpg,0.720984,0.05,0.05,0.05,0.05,0.05,0.05,0.175043
img_05603.jpg,0.677086,0.200369,0.05,0.05,0.05,0.05,0.05,0.05
img_05612.jpg,0.95,0.05,0.05,0.05,0.05,0.05,0.05,0.05
img_05613.jpg,0.197979,0.05,0.05,0.05,0.05,0.05,0.05,0.701536
img_05615.jpg,0.95,0.05,0.05,0.05,0.05,0.05,0.05,0.05
img_05623.jpg,0.525511,0.05,0.076843,0.138898,0.05,0.05,0.05,0.145911
img_05640.jpg,0.742132,0.0888351,0.05,0.05,0.05,0.05,0.05,0.05
img_05653.jpg,0.0526993,0.544766,0.05,0.0582925,0.05,0.05,0.317671,0.05
img_05654.jpg,0.93128,0.05,0.05,0.05,0.05,0.05,0.05,0.05
img_05657.jpg,0.850841,0.05,0.05,0.05,0.0669437,0.05,0.05,0.05
img_05672.jpg,0.05,0.05,0.05,0.05,0.05,0.827658,0.05,0.111329
img_05673.jpg,0.687493,0.133027,0.05,0.05,0.05,0.0583555,0.05,0.05
img_05682.jpg,0.217746,0.05,0.05,0.05,0.260775,0.110949,0.05,0.286225
img_05692.jpg,0.05,0.05,0.464491,0.05,0.05,0.111477,0.05,0.361766
img_05718.jpg,0.146422,0.05,0.05,0.0502921,0.112208,0.129484,0.05,0.471116
img_05719.jpg,0.05,0.0828421,0.05,0.05,0.05,0.05,0.05,0.879199
img_05721.jpg,0.05,0.05,0.456692,0.05,0.05,0.0861499,0.05,0.403187
img_05722.jpg,0.266221,0.05,0.05,0.05,0.475315,0.05,0.126287,0.05
img_05724.jpg,0.928502,0.05,0.05,0.05,0.05,0.05,0.05,0.05
img_05731.jpg,0.05,0.05,0.05,0.05,0.930266,0.05,0.05,0.05
img_05735.jpg,0.675809,0.05,0.05,0.05,0.0708966,0.0746264,0.05,0.113189
img_05740.jpg,0.213045,0.05,0.169269,0.05,0.38119,0.0946299,0.069793,0.05
img_05743.jpg,0.0651052,0.0792776,0.05,0.121175,0.0660971,0.614508,0.05,0.05
img_05754.jpg,0.05,0.05,0.05,0.05,0.115374,0.443147,0.05,0.322063
img_05755.jpg,0.1815,0.05,0.05,0.298239,0.0701792,0.0712298,0.083651,0.218343
img_05766.jpg,0.913001,0.05,0.05,0.05,0.05,0.05,0.05,0.05
img_05768.jpg,0.225281,0.05,0.05,0.05,0.05,0.05,0.05,0.696905
img_05775.jpg,0.22573,0.478367,0.115324,0.05,0.0831701,0.05,0.05,0.05
img_05790.jpg,0.95,0.05,0.05,0.05,0.05,0.05,0.05,0.05
img_05792.jpg,0.333366,0.05,0.05,0.05,0.27489,0.101656,0.05,0.16102
img_05794.jpg,0.95,0.05,0.05,0.05,0.05,0.05,0.05,0.05
img_05805.jpg,0.273952,0.157764,0.05,0.05,0.05,0.149465,0.346716,0.05
img_05813.jpg,0.93505,0.05,0.05,0.05,0.05,0.05,0.05,0.05
img_05817.jpg,0.0612117,0.05,0.05,0.05,0.121398,0.280902,0.05,0.42793
img_05824.jpg,0.05,0.05,0.05,0.05,0.95,0.05,0.05,0.05
img_05828.jpg,0.928158,0.05,0.05,0.05,0.0626971,0.05,0.05,0.05
img_05835.jpg,0.95,0.05,0.05,0.05,0.05,0.05,0.05,0.05
img_05838.jpg,0.47636,0.05,0.0551791,0.175921,0.05,0.239765,0.05,0.05
img_05857.jpg,0.393786,0.05,0.0505202,0.264536,0.05,0.205923,0.05,0.05
img_05864.jpg,0.184574,0.782418,0.05,0.05,0.05,0.05,0.05,0.05
img_05879.jpg,0.659241,0.05,0.05,0.05,0.05,0.302434,0.05,0.05
img_05882.jpg,0.569807,0.05,0.05,0.05,0.222042,0.12179,0.05,0.05
img_05896.jpg,0.901288,0.05,0.05,0.05,0.05,0.05,0.05,0.05
img_05908.jpg,0.05,0.0783739,0.05,0.05,0.803669,0.05,0.05,0.05
img_05915.jpg,0.05,0.114618,0.410633,0.05,0.05,0.085161,0.0532873,0.295946
img_05916.jpg,0.695608,0.0631914,0.05,0.05,0.128541,0.05,0.05,0.05
img_05922.jpg,0.22014,0.05,0.05,0.134294,0.05,0.402252,0.119635,0.0777085
img_05927.jpg,0.95,0.05,0.05,0.05,0.05,0.05,0.05,0.05
img_05940.jpg,0.908231,0.05,0.05,0.05,0.0812205,0.05,0.05,0.05
img_05948.jpg,0.05,0.05,0.05,0.05,0.05,0.546877,0.125451,0.171432
img_05950.jpg,0.95,0.05,0.05,0.05,0.05,0.05,0.05,0.05
img_05953.jpg,0.165909,0.0722484,0.10359,0.05,0.264108,0.0733333,0.137412,0.139967
img_05958.jpg,0.05,0.05,0.05,0.05,0.05,0.816727,0.05,0.161475
img_05960.jpg,0.472228,0.05,0.05,0.05,0.103797,0.0769258,0.05,0.278108
img_05963.jpg,0.108889,0.0668726,0.05,0.05,0.24794,0.212775,0.05,0.3024
img_05967.jpg,0.821681,0.0663344,0.05,0.05,0.05,0.05,0.05,0.05
img_05976.jpg,0.0535811,0.05,0.05,0.05,0.114855,0.279006,0.05,0.442138
img_05979.jpg,0.16103,0.05,0.05,0.05,0.820791,0.05,0.05,0.05
img_05981.jpg,0.893102,0.05,0.05,0.05,0.0798902,0.05,0.05,0.05
img_05989.jpg,0.453178,0.138926,0.05,0.05,0.299031,0.05,0.05,0.05
img_06001.jpg,0.948959,0.05,0.05,0.05,0.05,0.05,0.05,0.05
img_06003.jpg,0.187541,0.284313,0.05,0.134818,0.0592276,0.0957075,0.15096,0.0608314
img_06010.jpg,0.300335,0.05,0.05,0.05,0.112454,0.0527871,0.05,0.452216
img_06021.jpg,0.05,0.146743,0.05,0.05,0.05,0.05,0.05,0.827578
img_06033.jpg,0.05,0.05,0.05,0.05,0.823787,0.05,0.05,0.0711569
img_06037.jpg,0.699299,0.05,0.05,0.05,0.152143,0.05,0.0562091,0.05
img_06038.jpg,0.05,0.05,0.0511269,0.05,0.05,0.0944212,0.05,0.814119
img_06042.jpg,0.120802,0.05,0.05,0.05,0.0561363,0.05,0.05,0.66444
img_06059.jpg,0.05,0.05,0.05,0.05,0.95,0.05,0.05,0.05
img_06065.jpg,0.375656,0.05,0.05,0.05,0.228935,0.110143,0.05,0.207842
img_06067.jpg,0.05,0.20611,0.05,0.05,0.05,0.05,0.05,0.751339
img_06076.jpg,0.912403,0.0758962,0.05,0.05,0.05,0.05,0.05,0.05
img_06097.jpg,0.05,0.05,0.05,0.05,0.105303,0.05,0.05,0.814867
img_06099.jpg,0.867958,0.0675153,0.05,0.05,0.05,0.05,0.05,0.05
img_06101.jpg,0.05,0.05,0.231771,0.05,0.05,0.05,0.05,0.700017
img_06103.jpg,0.50514,0.05,0.05,0.05,0.427487,0.05,0.05,0.05
img_06137.jpg,0.05,0.05,0.05,0.05,0.05,0.05,0.05,0.95
img_06144.jpg,0.05,0.05,0.05,0.05,0.05,0.0943725,0.05,0.757706
img_06147.jpg,0.568935,0.125713,0.05,0.05,0.197602,0.05,0.05,0.05
img_06165.jpg,0.05,0.247005,0.368942,0.05,0.0836311,0.248224,0.05,0.05
img_06174.jpg,0.95,0.05,0.05,0.05,0.05,0.05,0.05,0.05
img_06186.jpg,0.218129,0.0911568,0.0576145,0.239766,0.05,0.369996,0.05,0.05
img_06189.jpg,0.840075,0.05,0.05,0.05,0.05,0.05,0.05,0.05
img_06203.jpg,0.204731,0.05,0.05,0.05,0.133664,0.0719997,0.05,0.505255
img_06207.jpg,0.0625932,0.0729914,0.05,0.110442,0.0658226,0.636961,0.05,0.05
img_06210.jpg,0.402918,0.05,0.05,0.05,0.141661,0.277454,0.05,0.1186
img_06211.jpg,0.166662,0.0512959,0.0655492,0.131594,0.101548,0.333969,0.069319,0.0800637
img_06237.jpg,0.731547,0.159381,0.05,0.05,0.05,0.05,0.05,0.05
img_06238.jpg,0.116421,0.059502,0.05,0.438379,0.276419,0.053545,0.05,0.05
img_06259.jpg,0.05,0.05,0.347444,0.05,0.05,0.179507,0.106836,0.275072
img_06261.jpg,0.346817,0.05,0.05,0.05,0.209214,0.106261,0.05,0.221712
img_06268.jpg,0.05,0.05,0.05,0.05,0.072512,0.05,0.05,0.887923
img_06272.jpg,0.05,0.05,0.05,0.05,0.95,0.05,0.05,0.05
img_06273.jpg,0.931866,0.05,0.05,0.05,0.05,0.05,0.05,0.05
img_06285.jpg,0.05,0.05,0.05,0.05,0.121308,0.05,0.05,0.816811
img_06294.jpg,0.937418,0.05,0.05,0.05,0.0601437,0.05,0.05,0.05
img_06302.jpg,0.930184,0.05,0.05,0.05,0.0519333,0.05,0.05,0.05
img_06311.jpg,0.315591,0.05,0.05,0.05,0.05,0.673997,0.05,0.05
img_06318.jpg,0.05,0.05,0.05,0.05,0.05,0.439079,0.05,0.442417
img_06321.jpg,0.90165,0.05,0.05,0.05,0.05,0.05,0.05,0.0596847
img_06324.jpg,0.318748,0.05,0.05,0.05,0.291087,0.147138,0.05,0.173652
img_06332.jpg,0.141888,0.05,0.05,0.05,0.734243,0.05,0.0679671,0.05
img_06345.jpg,0.438671,0.05,0.0831765,0.0558985,0.05,0.0578966,0.05,0.265379
img_06346.jpg,0.108133,0.05,0.05,0.05,0.0508722,0.633827,0.0630847,0.0885648
img_06349.jpg,0.05,0.05,0.05,0.05,0.05,0.05,0.05,0.95
img_06368.jpg,0.05,0.05,0.430264,0.0665641,0.233148,0.118824,0.101356,0.05
img_06369.jpg,0.05,0.05,0.05,0.05,0.05,0.05,0.05,0.95
img_06371.jpg,0.05,0.665891,0.05,0.072242,0.05,0.05,0.172476,0.05
img_06373.jpg,0.05,0.05,0.602663,0.05,0.05,0.112923,0.05,0.241846
img_06401.jpg,0.05,0.05,0.05,0.05,0.91135,0.05,0.05,0.05
img_06412.jpg,0.0686454,0.05,0.05,0.05,0.05,0.05,0.05,0.767424
img_06424.jpg,0.714876,0.05,0.05,0.05,0.218945,0.05,0.05,0.05
img_06426.jpg,0.88904,0.05,0.05,0.05,0.0552536,0.05,0.05,0.05
img_06440.jpg,0.05,0.05,0.05,0.05,0.05,0.876968,0.05,0.050317
img_06455.jpg,0.112438,0.05,0.05,0.18206,0.0534161,0.280228,0.0711124,0.223967
img_06469.jpg,0.752707,0.05,0.0886052,0.05,0.05,0.05,0.05,0.05
img_06475.jpg,0.516546,0.05,0.05,0.05,0.245858,0.05,0.05,0.129765
img_06477.jpg,0.0974059,0.0583601,0.05,0.05,0.118562,0.05,0.111059,0.54855
img_06489.jpg,0.05,0.05,0.05,0.05,0.95,0.05,0.05,0.05
img_06496.jpg,0.697826,0.05,0.05,0.05,0.14553,0.05,0.05,0.05
img_06506.jpg,0.95,0.05,0.05,0.05,0.05,0.05,0.05,0.05
img_06508.jpg,0.05,0.05,0.05,0.0788563,0.728279,0.05,0.05,0.156332
img_06510.jpg,0.95,0.05,0.05,0.05,0.05,0.05,0.05,0.05
img_06521.jpg,0.0685753,0.05,0.05,0.05,0.0546974,0.05,0.05,0.787586
img_06522.jpg,0.310528,0.05,0.05,0.05,0.463611,0.108626,0.05,0.0727577
img_06525.jpg,0.291398,0.146571,0.40478,0.05,0.05,0.114231,0.05,0.05
img_06541.jpg,0.945568,0.05,0.05,0.05,0.05,0.05,0.05,0.05
img_06547.jpg,0.103991,0.519211,0.05,0.05,0.282473,0.05,0.0588333,0.05
img_06549.jpg,0.95,0.05,0.05,0.05,0.05,0.05,0.05,0.05
img_06555.jpg,0.95,0.05,0.05,0.05,0.05,0.05,0.05,0.05
img_06559.jpg,0.0539057,0.05,0.05,0.05,0.897364,0.05,0.05,0.05
img_06564.jpg,0.871365,0.05,0.05,0.05,0.05,0.05,0.05,0.05
img_06571.jpg,0.948037,0.05,0.05,0.05,0.05,0.05,0.05,0.05
img_06585.jpg,0.05,0.05,0.05,0.05,0.95,0.05,0.05,0.05
img_06608.jpg,0.95,0.05,0.05,0.05,0.05,0.05,0.05,0.05
img_06611.jpg,0.05,0.192297,0.05,0.05,0.05,0.05,0.05,0.740134
img_06614.jpg,0.208072,0.076548,0.05,0.513038,0.05,0.125389,0.05,0.05
img_06616.jpg,0.239028,0.05,0.05,0.05,0.192291,0.127721,0.05,0.348139
img_06630.jpg,0.582209,0.05,0.05,0.05,0.129422,0.0517074,0.05,0.184783
img_06637.jpg,0.05,0.05,0.05,0.05,0.95,0.05,0.05,0.05
img_06642.jpg,0.0892418,0.05,0.05,0.05,0.05,0.05,0.05,0.828376
img_06646.jpg,0.854209,0.05,0.05,0.05,0.0639508,0.05,0.05,0.05
img_06658.jpg,0.05,0.05,0.05,0.05,0.0825202,0.228443,0.05,0.587284
img_06662.jpg,0.262731,0.05,0.05,0.05,0.656886,0.05,0.05,0.05
img_06663.jpg,0.506401,0.116965,0.0912324,0.05,0.05,0.143152,0.0525142,0.05
img_06673.jpg,0.95,0.05,0.05,0.05,0.05,0.05,0.05,0.05
img_06681.jpg,0.106117,0.34715,0.05,0.295491,0.05,0.05,0.0971577,0.115319
img_06684.jpg,0.813289,0.05,0.05,0.05,0.0622757,0.05,0.05,0.05
img_06685.jpg,0.05,0.05,0.05,0.05,0.941621,0.05,0.05,0.05
img_06690.jpg,0.05,0.05,0.276156,0.05,0.05,0.0675408,0.05,0.573008
img_06698.jpg,0.245949,0.05,0.05,0.05,0.0975205,0.260918,0.0514278,0.242454
img_06732.jpg,0.95,0.05,0.05,0.05,0.05,0.05,0.05,0.05
img_06734.jpg,0.95,0.05,0.05,0.05,0.05,0.05,0.05,0.05
img_06748.jpg,0.05,0.05,0.05,0.05,0.05,0.05,0.05,0.95
img_06756.jpg,0.95,0.05,0.05,0.05,0.05,0.05,0.05,0.05
img_06780.jpg,0.35771,0.05,0.05,0.05,0.0986084,0.05,0.05,0.413082
img_06783.jpg,0.0753814,0.05,0.05,0.05,0.104285,0.05,0.05,0.737984
img_06798.jpg,0.947858,0.05,0.05,0.05,0.05,0.05,0.05,0.05
img_06800.jpg,0.05,0.05,0.05,0.05,0.934292,0.05,0.05,0.05
img_06806.jpg,0.05,0.115877,0.05,0.05,0.222494,0.05,0.05,0.593445
img_06807.jpg,0.531832,0.05,0.05,0.05,0.327782,0.05,0.0795614,0.05
img_06808.jpg,0.05,0.158931,0.05,0.05,0.157127,0.455925,0.105654,0.05
img_06812.jpg,0.93059,0.05,0.05,0.05,0.05,0.05,0.05,0.05
img_06831.jpg,0.0906661,0.350146,0.0514815,0.353001,0.095324,0.05,0.05,0.05
img_06832.jpg,0.856426,0.05,0.05,0.05,0.05,0.0599854,0.05,0.05
img_06845.jpg,0.52121,0.268861,0.05,0.0788241,0.0863252,0.05,0.05,0.05
img_06849.jpg,0.391372,0.05,0.05,0.05,0.235371,0.05,0.05,0.309768
img_06851.jpg,0.05,0.109277,0.05,0.05,0.139331,0.1259,0.0962509,0.422065
img_06859.jpg,0.05,0.05,0.280071,0.0587453,0.510286,0.05,0.0935075,0.05
img_06860.jpg,0.05,0.127851,0.0836049,0.05,0.571123,0.05,0.162458,0.05
img_06870.jpg,0.0748539,0.357933,0.05,0.414327,0.081248,0.05,0.05,0.05
img_06892.jpg,0.95,0.05,0.05,0.05,0.05,0.05,0.05,0.05
img_06893.jpg,0.22313,0.05,0.05,0.05,0.286713,0.125145,0.05,0.260874
img_06899.jpg,0.16932,0.05,0.05,0.05,0.525195,0.05,0.235395,0.05
img_06902.jpg,0.22855,0.05,0.0572076,0.05,0.369689,0.05,0.260885,0.05
img_06909.jpg,0.804812,0.05,0.0678707,0.05,0.05,0.05,0.05,0.05
img_06914.jpg,0.05,0.05,0.05,0.05,0.95,0.05,0.05,0.05
img_06916.jpg,0.278627,0.05,0.05,0.128275,0.05,0.402615,0.0877761,0.0680107
img_06921.jpg,0.847184,0.05,0.05,0.05,0.0907686,0.05,0.05,0.05
img_06922.jpg,0.0571799,0.0616343,0.05,0.05,0.148583,0.180325,0.158032,0.337644
img_06936.jpg,0.95,0.05,0.05,0.05,0.05,0.05,0.05,0.05
img_06939.jpg,0.327264,0.05,0.05,0.05,0.0924457,0.0793245,0.0530809,0.36104
img_06946.jpg,0.504109,0.05,0.05,0.05,0.372832,0.05,0.05,0.0840784
img_06947.jpg,0.05,0.05,0.05,0.05,0.95,0.05,0.05,0.05
img_06955.jpg,0.803474,0.05,0.106058,0.05,0.05,0.05,0.05,0.05
img_06959.jpg,0.750122,0.0586551,0.05,0.05,0.05,0.0505283,0.05,0.05
img_06962.jpg,0.12499,0.0889002,0.05,0.05,0.219874,0.116435,0.150165,0.237719
img_06966.jpg,0.917237,0.05,0.05,0.05,0.05,0.05,0.05,0.0523846
img_06975.jpg,0.336514,0.05,0.05,0.05,0.248915,0.0843809,0.052272,0.192063
img_06985.jpg,0.929592,0.05,0.05,0.05,0.05,0.05,0.05,0.05
img_06986.jpg,0.79337,0.05,0.05,0.05,0.05,0.11138,0.05,0.05
img_07005.jpg,0.95,0.05,0.05,0.05,0.05,0.05,0.05,0.05
img_07023.jpg,0.95,0.05,0.05,0.05,0.05,0.05,0.05,0.05
img_07043.jpg,0.05,0.05,0.05,0.05,0.95,0.05,0.05,0.05
img_07044.jpg,0.05,0.05,0.05,0.0870941,0.378907,0.05,0.05,0.440386
img_07045.jpg,0.782348,0.05,0.05,0.05,0.109442,0.05,0.05,0.05
img_07050.jpg,0.336877,0.181765,0.0993141,0.05,0.05,0.267269,0.05,0.05
img_07051.jpg,0.05,0.627178,0.05,0.05,0.05,0.05,0.05,0.300352
img_07054.jpg,0.05,0.95,0.05,0.05,0.05,0.05,0.05,0.05
img_07060.jpg,0.05,0.05,0.05,0.05,0.106167,0.427546,0.05,0.336588
img_07062.jpg,0.05,0.05,0.05,0.05,0.95,0.05,0.05,0.05
img_07065.jpg,0.0912371,0.05,0.05,0.0827334,0.107102,0.0938967,0.05,0.499776
img_07068.jpg,0.0502969,0.05,0.05,0.05,0.167786,0.146658,0.05,0.519827
img_07079.jpg,0.05,0.05,0.05,0.0536571,0.905424,0.05,0.05,0.05
img_07084.jpg,0.423031,0.05,0.05,0.05,0.05,0.05,0.05,0.569919
img_07086.jpg,0.39137,0.05,0.05,0.05,0.0817682,0.0639311,0.05,0.378339
img_07094.jpg,0.95,0.05,0.05,0.05,0.05,0.05,0.05,0.05
img_07103.jpg,0.95,0.05,0.05,0.05,0.05,0.05,0.05,0.05
img_07110.jpg,0.205482,0.05,0.225612,0.10401,0.0871769,0.121277,0.05,0.177771
img_07120.jpg,0.308293,0.05,0.05,0.101778,0.384413,0.05,0.05,0.132613
img_07122.jpg,0.692731,0.05,0.05,0.0511776,0.135158,0.05,0.05,0.05
img_07137.jpg,0.877708,0.05,0.05,0.05,0.05,0.05,0.05,0.05
img_07143.jpg,0.05,0.05,0.05,0.05,0.95,0.05,0.05,0.05
img_07146.jpg,0.05,0.05,0.05,0.05,0.95,0.05,0.05,0.05
img_07147.jpg,0.05,0.05,0.05,0.05,0.625129,0.05,0.05,0.287342
img_07149.jpg,0.95,0.05,0.05,0.05,0.05,0.05,0.05,0.05
img_07156.jpg,0.926055,0.05,0.05,0.05,0.05,0.05,0.05,0.05
img_07157.jpg,0.846013,0.05,0.05,0.05,0.05,0.0909113,0.05,0.05
img_07160.jpg,0.05,0.05,0.05,0.05,0.948236,0.05,0.05,0.05
img_07173.jpg,0.502083,0.05,0.0733325,0.05,0.0809749,0.0610698,0.05,0.190908
img_07179.jpg,0.05,0.05,0.05,0.05,0.95,0.05,0.05,0.05
img_07183.jpg,0.05,0.05,0.05,0.0545487,0.05,0.196437,0.05,0.61056
img_07187.jpg,0.95,0.05,0.05,0.05,0.05,0.05,0.05,0.05
img_07188.jpg,0.8075,0.05,0.05,0.05,0.05,0.05,0.05,0.129654
img_07191.jpg,0.05,0.05,0.445229,0.05,0.307878,0.127267,0.05,0.05
img_07192.jpg,0.867728,0.05,0.0727184,0.05,0.05,0.05,0.05,0.05
img_07199.jpg,0.0592943,0.05,0.05,0.05,0.92449,0.05,0.05,0.05
img_07213.jpg,0.05,0.05,0.46519,0.05,0.251245,0.148231,0.0600633,0.05
img_07224.jpg,0.05,0.05,0.05,0.05,0.887741,0.05,0.05,0.05
img_07231.jpg,0.824987,0.147514,0.05,0.05,0.05,0.05,0.05,0.05
img_07237.jpg,0.940644,0.05,0.05,0.05,0.05,0.05,0.05,0.05
img_07251.jpg,0.05,0.05,0.05,0.05,0.0583588,0.05,0.208513,0.616577
img_07270.jpg,0.05,0.05,0.05,0.05,0.948279,0.05,0.05,0.05
img_07278.jpg,0.95,0.05,0.05,0.05,0.05,0.05,0.05,0.05
img_07304.jpg,0.782254,0.05,0.0532719,0.0502078,0.05,0.05,0.05,0.05
img_07314.jpg,0.05,0.05,0.139255,0.05,0.05,0.143745,0.05,0.670955
img_07318.jpg,0.05,0.05,0.05,0.05,0.05,0.629196,0.05,0.322256
img_07319.jpg,0.0804639,0.05,0.05,0.05,0.0642875,0.05,0.05,0.758242
img_07330.jpg,0.369641,0.05,0.05,0.05,0.196713,0.0750675,0.05,0.278384
img_07348.jpg,0.0971879,0.05,0.05,0.05,0.861023,0.05,0.05,0.05
img_07352.jpg,0.95,0.05,0.05,0.05,0.05,0.05,0.05,0.05
img_07354.jpg,0.95,0.05,0.05,0.05,0.05,0.05,0.05,0.05
img_07371.jpg,0.05,0.135553,0.378926,0.05,0.05,0.05,0.05,0.390557
img_07375.jpg,0.284697,0.05,0.05,0.05,0.0936439,0.242463,0.05,0.227536
img_07409.jpg,0.95,0.05,0.05,0.05,0.05,0.05,0.05,0.05
img_07417.jpg,0.05,0.0783386,0.22692,0.05,0.05,0.46566,0.05,0.171609
img_07419.jpg,0.05,0.05,0.238077,0.05,0.131373,0.26002,0.05,0.277579
img_07420.jpg,0.05,0.191687,0.0886492,0.504549,0.05,0.05,0.0796833,0.0964526
img_07426.jpg,0.29952,0.05,0.577265,0.05,0.05,0.0598498,0.05,0.05
img_07428.jpg,0.304596,0.05,0.05,0.262724,0.05,0.0885861,0.109114,0.122147
img_07434.jpg,0.68836,0.0502781,0.05,0.05,0.224424,0.05,0.05,0.05
img_07436.jpg,0.0655934,0.0588849,0.05,0.05,0.13414,0.163313,0.114734,0.41423
img_07448.jpg,0.95,0.05,0.05,0.05,0.05,0.05,0.05,0.05
img_07460.jpg,0.718159,0.178053,0.05,0.05,0.05,0.05,0.05,0.05
img_07467.jpg,0.95,0.05,0.05,0.05,0.05,0.05,0.05,0.05
img_07469.jpg,0.05,0.05,0.275695,0.05,0.05,0.05,0.05,0.639269
img_07474.jpg,0.601852,0.05,0.155258,0.05,0.05,0.155493,0.05,0.05
img_07501.jpg,0.471419,0.112858,0.05,0.05,0.356466,0.05,0.05,0.05
img_07505.jpg,0.95,0.05,0.05,0.05,0.05,0.05,0.05,0.05
img_07508.jpg,0.05,0.05,0.05,0.05,0.803514,0.05,0.101401,0.05
img_07514.jpg,0.142144,0.05,0.05,0.361297,0.24876,0.05,0.10185,0.119028
img_07526.jpg,0.0872556,0.257175,0.143388,0.05,0.05,0.475503,0.05,0.05
img_07528.jpg,0.95,0.05,0.05,0.05,0.05,0.05,0.05,0.05
img_07538.jpg,0.165377,0.0735088,0.05,0.05,0.163716,0.129181,0.162197,0.240606
img_07543.jpg,0.05,0.05,0.05,0.05,0.95,0.05,0.05,0.05
img_07553.jpg,0.380575,0.192141,0.05,0.05,0.271576,0.05,0.05,0.05
img_07561.jpg,0.95,0.05,0.05,0.05,0.05,0.05,0.05,0.05
img_07563.jpg,0.05,0.0837548,0.05,0.05,0.143478,0.179108,0.05,0.48086
img_07574.jpg,0.608113,0.05,0.05,0.05,0.294273,0.05,0.05,0.05
img_07578.jpg,0.05,0.05,0.05,0.05,0.05,0.05,0.05,0.95
img_07580.jpg,0.161883,0.05,0.05,0.0708525,0.109576,0.0648606,0.05,0.483533
img_07583.jpg,0.469323,0.0592233,0.0836264,0.0525238,0.05,0.05,0.05,0.304033
img_07590.jpg,0.360326,0.504958,0.05,0.05,0.05,0.05,0.05,0.05
img_07594.jpg,0.296414,0.05,0.05,0.05,0.134217,0.05,0.05,0.491756
img_07616.jpg,0.95,0.05,0.05,0.05,0.05,0.05,0.05,0.05
img_07621.jpg,0.639395,0.05,0.05,0.05,0.22984,0.05,0.05,0.088686
img_07623.jpg,0.792747,0.05,0.05,0.05,0.136667,0.05,0.05,0.05
img_07628.jpg,0.05,0.05,0.05,0.05,0.947418,0.05,0.05,0.05
img_07659.jpg,0.0937958,0.131999,0.05,0.0522279,0.162335,0.0957312,0.28266,0.168188
img_07663.jpg,0.05,0.493909,0.05,0.05,0.05,0.05,0.05,0.438023
img_07678.jpg,0.645113,0.05,0.05,0.264233,0.05,0.05,0.05,0.05
img_07689.jpg,0.402058,0.145769,0.0966553,0.05,0.05,0.207136,0.05,0.05
img_07700.jpg,0.05,0.05,0.421036,0.0577292,0.258141,0.115503,0.0940496,0.05
img_07717.jpg,0.925595,0.05,0.05,0.05,0.05,0.05,0.05,0.05
img_07746.jpg,0.05,0.0566398,0.05,0.05,0.05,0.547602,0.05,0.276319
img_07757.jpg,0.859863,0.05,0.05,0.05,0.0624512,0.05,0.05,0.05
img_07792.jpg,0.274891,0.05,0.05,0.05,0.14018,0.370708,0.05,0.142092
img_07799.jpg,0.95,0.05,0.05,0.05,0.05,0.05,0.05,0.05
img_07818.jpg,0.95,0.05,0.05,0.05,0.05,0.05,0.05,0.05
img_07833.jpg,0.943973,0.05,0.05,0.05,0.05,0.05,0.05,0.05
img_07859.jpg,0.05,0.05,0.05,0.05,0.05,0.05,0.05,0.95
img_07872.jpg,0.890116,0.05,0.05,0.05,0.0670282,0.05,0.05,0.05
img_07893.jpg,0.0539402,0.05,0.05,0.05,0.112068,0.228921,0.05,0.502355
img_07895.jpg,0.95,0.05,0.05,0.05,0.05,0.05,0.05,0.05
img_07905.jpg,0.517459,0.05,0.05,0.05,0.220079,0.101265,0.05,0.094207
img_07906.jpg,0.05,0.0757627,0.281306,0.05,0.05,0.163013,0.05,0.404266
img_07908.jpg,0.876185,0.05,0.05,0.05,0.05,0.05,0.05,0.05
img_07910.jpg,0.95,0.05,0.05,0.05,0.05,0.05,0.05,0.05
img_07921.jpg,0.05,0.05,0.05,0.05,0.05,0.732307,0.05,0.157772
